ID,nAddresses,Messages,help,office,dance,money,wedding,domestic_work,sleep,medical_emergency,cold,hate,cheerfulness,aggression,occupation,envy,anticipation,family,vacation,crime,attractive,masculine,prison,health,pride,dispute,nervousness,government,weakness,horror,swearing_terms,leisure,suffering,royalty,wealthy,tourism,furniture,school,magic,beach,journalism,morning,banking,social_media,exercise,night,kill,blue_collar_job,art,ridicule,play,computer,college,optimism,stealing,real_estate,home,divine,sexual,fear,irritability,superhero,business,driving,pet,childish,cooking,exasperation,religion,hipster,internet,surprise,reading,worship,leader,independence,movement,body,noise,eating,medieval,zest,confusion,water,sports,death,healing,legend,heroic,celebration,restaurant,violence,programming,dominant_heirarchical,military,neglect,swimming,exotic,love,hiking,communication,hearing,order,sympathy,hygiene,weather,anonymity,trust,ancient,deception,fabric,air_travel,fight,dominant_personality,music,vehicle,politeness,toy,farming,meeting,war,speaking,listen,urban,shopping,disgust,fire,tool,phone,gain,sound,injury,sailing,rage,science,work,appearance,valuable,warmth,youth,sadness,fun,emotional,joy,affection,traveling,fashion,ugliness,lust,shame,torment,economics,anger,politics,ship,clothing,car,strength,technology,breaking,shape_and_size,power,white_collar_job,animal,party,terrorism,smell,disappointment,poor,plant,pain,beauty,timidity,philosophy,negotiate,negative_emotion,cleaning,messaging,competing,law,friends,payment,achievement,alcohol,liquid,feminine,weapon,children,monster,ocean,giving,contentment,writing,rural,positive_emotion,musical,text_abbreviations,PositiveCnt,NegativeCnt,PositiveStd,NegativeStd,PostitiveAvg,NegativeAvg,SubjectiveCnt,SubjectiveStd,SubjectiveAvg,NNP,RB,RP,SYM,POS,WDT,VBD,NNS,NNPS,UH,PRP$,WRB,JJR,VBZ,VB,EX,PDT,RBS,RBR,FW,NN,PRP,VBP,JJ,VBG,TO,DT,MD,WP,CC,VBN,JJS,IN,CD,WordSum,WordAvg,WordStd,CharacterSum,CharacterAvg,CharacterStd,score
m5989,1,105,0.0,0.0009784735812133072,0.0,0.02348336594911937,0.0009784735812133072,0.011741682974559686,0.008806262230919766,0.0,0.004892367906066536,0.0,0.0009784735812133072,0.0,0.003913894324853229,0.0,0.0,0.0019569471624266144,0.0136986301369863,0.0,0.0009784735812133072,0.0,0.0019569471624266144,0.0009784735812133072,0.0,0.0019569471624266144,0.0009784735812133072,0.0009784735812133072,0.0009784735812133072,0.0,0.0,0.0019569471624266144,0.0009784735812133072,0.0,0.005870841487279843,0.0,0.0029354207436399216,0.0029354207436399216,0.0019569471624266144,0.0,0.0,0.01467710371819961,0.019569471624266144,0.0029354207436399216,0.0,0.004892367906066536,0.0,0.0009784735812133072,0.0,0.0,0.0019569471624266144,0.004892367906066536,0.0029354207436399216,0.0029354207436399216,0.0,0.009784735812133072,0.011741682974559686,0.0,0.0009784735812133072,0.0,0.0009784735812133072,0.0,0.025440313111545987,0.02446183953033268,0.0,0.0019569471624266144,0.00684931506849315,0.0009784735812133072,0.0,0.0,0.0029354207436399216,0.0,0.0019569471624266144,0.0,0.0009784735812133072,0.0,0.0029354207436399216,0.0009784735812133072,0.0,0.008806262230919766,0.0,0.0,0.0009784735812133072,0.0,0.0029354207436399216,0.0,0.0029354207436399216,0.0029354207436399216,0.0009784735812133072,0.0019569471624266144,0.003913894324853229,0.0029354207436399216,0.003913894324853229,0.0,0.0,0.0,0.0,0.0,0.0009784735812133072,0.0,0.011741682974559686,0.007827788649706456,0.0029354207436399216,0.0,0.003913894324853229,0.003913894324853229,0.0,0.0019569471624266144,0.0,0.0,0.0,0.0,0.0009784735812133072,0.0009784735812133072,0.0019569471624266144,0.021526418786692758,0.0,0.003913894324853229,0.0,0.004892367906066536,0.0,0.011741682974559686,0.009784735812133072,0.0,0.007827788649706456,0.0,0.0019569471624266144,0.0,0.0136986301369863,0.0,0.0019569471624266144,0.0009784735812133072,0.0,0.0,0.0,0.009784735812133072,0.0009784735812133072,0.0136986301369863,0.0,0.0009784735812133072,0.0,0.0009784735812133072,0.0029354207436399216,0.0,0.0,0.009784735812133072,0.0029354207436399216,0.0,0.0,0.0019569471624266144,0.0,0.007827788649706456,0.0,0.0,0.0,0.0,0.021526418786692758,0.003913894324853229,0.0009784735812133072,0.0009784735812133072,0.0009784735812133072,0.0019569471624266144,0.0009784735812133072,0.0009784735812133072,0.005870841487279843,0.0,0.0,0.0,0.0019569471624266144,0.0,0.0019569471624266144,0.0,0.0,0.0,0.0,0.005870841487279843,0.0009784735812133072,0.005870841487279843,0.0,0.0,0.0,0.016634050880626222,0.0,0.0009784735812133072,0.0019569471624266144,0.003913894324853229,0.0009784735812133072,0.0009784735812133072,0.0,0.003913894324853229,0.02446183953033268,0.0009784735812133072,0.003913894324853229,0.0019569471624266144,0.004892367906066536,0.0,0.0009784735812133072,31,7,0.2102712194950844,0.11258133030607033,0.34810082390727554,-0.220436507936508,44,0.2600263040535105,0.5308166896235077,41,80,7,0,1,4,28,21,0,0,29,12,1,24,95,0,0,1,2,0,133,161,66,41,29,52,60,26,13,23,14,0,78,10,1038,9.885714285714286,9.3445316687806,4870,46.38095238095239,44.45058914439095,0
m8781,2,8,0.0,0.0,0.0,0.0,0.0,0.0,0.009523809523809523,0.0,0.0,0.0,0.0,0.0,0.0,0.0,0.0,0.0,0.009523809523809523,0.0,0.0,0.0,0.0,0.0,0.0,0.0,0.0,0.0,0.0,0.0,0.0,0.0,0.0,0.0,0.0,0.009523809523809523,0.0,0.0,0.0,0.0,0.0,0.0,0.0,0.0,0.0,0.0,0.0,0.0,0.0,0.0,0.0,0.009523809523809523,0.0,0.0,0.0,0.0,0.009523809523809523,0.0,0.0,0.0,0.0,0.0,0.0,0.009523809523809523,0.0,0.0,0.0,0.0,0.009523809523809523,0.0,0.009523809523809523,0.0,0.0,0.0,0.0,0.0,0.0,0.0,0.0,0.0,0.0,0.0,0.0,0.0,0.0,0.0,0.0,0.0,0.0,0.0,0.0,0.0,0.009523809523809523,0.0,0.0,0.0,0.0,0.0,0.0,0.0,0.0,0.0,0.0,0.0,0.0,0.0,0.0,0.0,0.0,0.0,0.0,0.01904761904761905,0.0,0.0,0.0,0.009523809523809523,0.0,0.0,0.0,0.0,0.0,0.0,0.0,0.0,0.0,0.0,0.0,0.0,0.0,0.0,0.0,0.0,0.0,0.0,0.0,0.0,0.0,0.0,0.0,0.0,0.0,0.0,0.0,0.0,0.0,0.01904761904761905,0.0,0.0,0.0,0.0,0.0,0.0,0.0,0.0,0.0,0.0,0.009523809523809523,0.0,0.009523809523809523,0.0,0.0,0.0,0.0,0.0,0.0,0.0,0.0,0.0,0.0,0.0,0.0,0.0,0.0,0.0,0.0,0.0,0.0,0.009523809523809523,0.0,0.0,0.0,0.0,0.0,0.0,0.0,0.0,0.0,0.0,0.0,0.0,0.0,0.0,0.0,0.0,0.0,0.0,0.0,0,0,0.0,0.0,0.0,0.0,0,0.0,0.0,7,0,0,0,0,0,1,2,0,0,0,0,0,4,1,0,0,0,0,11,54,3,1,6,1,0,6,0,0,1,0,0,2,5,106,13.25,8.627716963368696,545,68.125,48.35658564249548,1
m5475,1,1,0.0,0.0,0.0,0.0,0.0,0.0,0.0,0.0,0.0,0.0,0.0,0.0,0.0,0.0,0.0,0.0,0.0,0.0,0.0,0.0,0.0,0.0,0.0,0.0,0.0,0.0,0.0,0.0,0.0,0.0,0.0,0.0,0.0,0.0,0.0,0.0,0.0,0.0,0.0,0.0,0.0,0.0,0.0,0.0,0.0,0.0,0.0,0.0,0.0,0.0,0.0,0.0,0.0,0.0,0.0,0.0,0.0,0.0,0.0,0.0,0.0,0.0,0.0,0.0,0.0,0.0,0.0,0.0,0.0,0.0,0.0,0.0,0.0,0.0,0.0,0.0,0.0,0.0,0.0,0.0,0.0,0.0,0.0,0.0,0.0,0.0,0.0,0.0,0.0,0.0,0.0,0.0,0.0,0.0,0.0,0.0,0.0,0.0,0.0,0.0,0.0,0.0,0.0,0.0,0.0,0.0,0.0,0.0,0.0,0.0,0.0,0.0,0.0,0.0,0.0,0.0,0.0,0.0,0.0,0.0,0.0,0.0,0.0,0.0,0.0,0.0,0.0,0.0,0.0,0.0,0.0,0.0,0.0,0.0,0.0,0.0,0.0,0.0,0.0,0.0,0.0,0.0,0.0,0.0,0.0,0.0,0.0,0.0,0.0,0.0,0.0,0.0,0.0,0.0,0.0,0.0,0.0,0.0,0.0,0.0,0.0,0.0,0.0,0.0,0.0,0.0,0.0,0.0,0.0,0.0,0.0,0.0,0.0,0.0,0.0,0.0,0.0,0.0,0.0,0.0,0.0,0.0,0.0,0.0,0.0,0.0,0.0,0.0,0.0,0.0,0.0,0.0,0.0,0.0,0.0,0,0,0.0,0.0,0.0,0.0,0,0.0,0.0,0,0,0,0,0,0,0,0,0,1,0,0,0,0,0,0,0,0,0,0,0,0,0,0,0,0,0,0,0,0,0,0,0,0,1,1.0,0.0,3,3.0,0.0,1
m5926,6,102,0.0012690355329949238,0.0025380710659898475,0.0012690355329949238,0.0012690355329949238,0.0012690355329949238,0.012690355329949237,0.006345177664974618,0.0025380710659898475,0.007614213197969543,0.0025380710659898475,0.0,0.0,0.0025380710659898475,0.0,0.0,0.011421319796954314,0.006345177664974618,0.0012690355329949238,0.0012690355329949238,0.0012690355329949238,0.0,0.0025380710659898475,0.0,0.0,0.0038071065989847717,0.0,0.0,0.0,0.0,0.0038071065989847717,0.0025380710659898475,0.0,0.0025380710659898475,0.0025380710659898475,0.0012690355329949238,0.01015228426395939,0.0,0.0,0.0025380710659898475,0.005076142131979695,0.0012690355329949238,0.0025380710659898475,0.0025380710659898475,0.0025380710659898475,0.0012690355329949238,0.0,0.0012690355329949238,0.0,0.0025380710659898475,0.0025380710659898475,0.007614213197969543,0.011421319796954314,0.0,0.0025380710659898475,0.011421319796954314,0.0,0.0038071065989847717,0.0025380710659898475,0.0,0.0,0.012690355329949237,0.0,0.0,0.0038071065989847717,0.006345177664974618,0.0,0.0,0.0012690355329949238,0.0025380710659898475,0.0,0.00888324873096447,0.0,0.0,0.0,0.0025380710659898475,0.0012690355329949238,0.005076142131979695,0.012690355329949237,0.0,0.0025380710659898475,0.0,0.0,0.0025380710659898475,0.0,0.0025380710659898475,0.0,0.006345177664974618,0.005076142131979695,0.0038071065989847717,0.0025380710659898475,0.0025380710659898475,0.0,0.0,0.0,0.0012690355329949238,0.0012690355329949238,0.006345177664974618,0.0,0.0038071065989847717,0.006345177664974618,0.0,0.0038071065989847717,0.0,0.006345177664974618,0.0,0.0025380710659898475,0.0,0.0,0.0012690355329949238,0.0012690355329949238,0.0,0.0012690355329949238,0.0038071065989847717,0.0,0.0,0.0038071065989847717,0.0,0.011421319796954314,0.0,0.0025380710659898475,0.00888324873096447,0.0012690355329949238,0.007614213197969543,0.0,0.0025380710659898475,0.0012690355329949238,0.0012690355329949238,0.0,0.006345177664974618,0.0012690355329949238,0.0,0.0,0.005076142131979695,0.011421319796954314,0.0,0.0025380710659898475,0.0,0.0,0.0025380710659898475,0.0025380710659898475,0.006345177664974618,0.0025380710659898475,0.01015228426395939,0.01015228426395939,0.0012690355329949238,0.0,0.0025380710659898475,0.0038071065989847717,0.0,0.0025380710659898475,0.0,0.0,0.0,0.0012690355329949238,0.0,0.005076142131979695,0.0,0.0012690355329949238,0.0025380710659898475,0.0,0.0025380710659898475,0.0,0.006345177664974618,0.0,0.0,0.0,0.0012690355329949238,0.0012690355329949238,0.006345177664974618,0.0,0.0012690355329949238,0.0,0.0012690355329949238,0.005076142131979695,0.0,0.0025380710659898475,0.0,0.0012690355329949238,0.005076142131979695,0.0025380710659898475,0.0012690355329949238,0.0012690355329949238,0.0012690355329949238,0.0025380710659898475,0.0,0.00888324873096447,0.0,0.0,0.006345177664974618,0.0038071065989847717,0.00888324873096447,0.0,0.011421319796954314,0.0025380710659898475,0.02538071065989848,41,14,0.20680607601634174,0.1890033929830181,0.4662558072009293,-0.2758361678004536,59,0.21466640693421687,0.6249959644874901,22,61,6,0,0,3,18,19,0,1,8,9,2,14,49,3,0,0,0,0,187,96,44,48,26,18,41,22,5,22,6,1,74,11,812,7.96078431372549,6.386139354527131,4008,39.29411764705883,31.555301047866006,1
m4580,3,3,0.0,0.0,0.0,0.0,0.0,0.0,0.0,0.0,0.0,0.0,0.0,0.0,0.0,0.0,0.0,0.0,0.0,0.0,0.0,0.0,0.0,0.0,0.0,0.0,0.0,0.0,0.0,0.0,0.0,0.0,0.0,0.0,0.0,0.0,0.0,0.0,0.0,0.0,0.0,0.0,0.0,0.0,0.0,0.0,0.0,0.0,0.0,0.0,0.0,0.0,0.0,0.0,0.0,0.0,0.0,0.0,0.0,0.0,0.0,0.0,0.0,0.0,0.0,0.0,0.0,0.0,0.0,0.0,0.0,0.0,0.0,0.0,0.0,0.0,0.0,0.0,0.0,0.0,0.0,0.0,0.0,0.0,0.0,0.0,0.0,0.0,0.0,0.0,0.0,0.0,0.0,0.0,0.0,0.0,0.0,0.0,0.0,0.0,0.0,0.0,0.0,0.0,0.0,0.0,0.0,0.0,0.0,0.0,0.0,0.0,0.0,0.0,0.0,0.0,0.0,0.0,0.0,0.0,0.0,0.0,0.0,0.0,0.0,0.0,0.0,0.0,0.0,0.0,0.0,0.0,0.0,0.0,0.0,0.0,0.0,0.0,0.0,0.0,0.0,0.0,0.0,0.0,0.0,0.0,0.0,0.0,0.0,0.0,0.0,0.0,0.0,0.0,0.0,0.0,0.0,0.0,0.0,0.0,0.0,0.0,0.0,0.0,0.0,0.0,0.0,0.0,0.0,0.0,0.0,0.0,0.0,0.0,0.0,0.0,0.0,0.0,0.0,0.0,0.0,0.0,0.0,0.0,0.0,0.0,0.0,0.0,0.0,0.0,0.0,0.0,0.0,0.0,0.0,0.0,0.2,0,0,0.0,0.0,0.0,0.0,0,0.0,0.0,1,1,0,0,0,0,0,0,0,0,0,0,0,0,0,0,0,0,0,0,2,0,0,0,0,0,0,0,0,0,0,0,1,0,5,1.6666666666666667,0.9428090415820634,23,7.666666666666668,6.599663291074443,2
m746,3,24,0.0,0.006993006993006993,0.0,0.0,0.0,0.0,0.0,0.0,0.0,0.0,0.0,0.0,0.006993006993006993,0.0,0.0,0.006993006993006993,0.006993006993006993,0.0,0.0,0.0,0.0,0.0,0.0,0.0,0.0,0.0,0.0,0.0,0.0,0.0,0.006993006993006993,0.0,0.0,0.0,0.0,0.006993006993006993,0.0,0.0,0.0,0.0,0.0,0.0,0.0,0.0,0.0,0.0,0.0,0.006993006993006993,0.0,0.006993006993006993,0.0,0.006993006993006993,0.0,0.0,0.0,0.0,0.0,0.0,0.0,0.0,0.006993006993006993,0.006993006993006993,0.0,0.0,0.0,0.0,0.0,0.0,0.0,0.0,0.0,0.0,0.0,0.0,0.0,0.0,0.0,0.0,0.0,0.0,0.0,0.0,0.0,0.0,0.006993006993006993,0.0,0.0,0.0,0.0,0.0,0.006993006993006993,0.0,0.0,0.0,0.0,0.0,0.006993006993006993,0.0,0.006993006993006993,0.006993006993006993,0.0,0.0,0.0,0.0,0.0,0.0,0.0,0.0,0.0,0.0,0.0,0.0,0.0,0.006993006993006993,0.0,0.0,0.0,0.0,0.0,0.006993006993006993,0.006993006993006993,0.0,0.0,0.0,0.006993006993006993,0.0,0.013986013986013986,0.0,0.0,0.0,0.0,0.0,0.0,0.006993006993006993,0.0,0.0,0.0,0.006993006993006993,0.006993006993006993,0.0,0.006993006993006993,0.0,0.006993006993006993,0.006993006993006993,0.0,0.0,0.0,0.0,0.0,0.0,0.0,0.0,0.0,0.0,0.006993006993006993,0.013986013986013986,0.0,0.0,0.0,0.0,0.0,0.0,0.0,0.006993006993006993,0.0,0.0,0.0,0.0,0.0,0.0,0.0,0.0,0.0,0.006993006993006993,0.0,0.0,0.0,0.0,0.0,0.006993006993006993,0.0,0.0,0.0,0.0,0.006993006993006993,0.006993006993006993,0.0,0.0,0.006993006993006993,0.0,0.0,0.0,0.0,0.0,0.0,5,1,0.19011575421305832,0.0,0.506,-0.14583333333333334,9,0.3854998813390503,0.6094135802469136,6,12,2,0,0,1,9,5,0,0,2,1,0,4,5,0,0,0,0,0,20,20,4,12,3,2,10,1,0,3,1,1,8,13,146,6.083333333333332,6.020220557052338,675,28.125,27.7238052041923,2
m5487,10,29,0.00373134328358209,0.011194029850746268,0.0,0.00373134328358209,0.0,0.00746268656716418,0.00373134328358209,0.0,0.00373134328358209,0.0,0.0,0.0,0.0,0.0,0.0,0.011194029850746268,0.00746268656716418,0.0,0.0,0.0,0.0,0.0,0.0,0.0,0.0,0.0,0.0,0.0,0.0,0.00373134328358209,0.0,0.0,0.0,0.00746268656716418,0.0,0.00746268656716418,0.0,0.0,0.0,0.00373134328358209,0.0,0.0,0.00373134328358209,0.00373134328358209,0.0,0.0,0.0,0.0,0.0,0.0,0.00746268656716418,0.011194029850746268,0.0,0.00373134328358209,0.00373134328358209,0.00373134328358209,0.0,0.0,0.0,0.0,0.00373134328358209,0.00746268656716418,0.0,0.0,0.0,0.0,0.0,0.0,0.0,0.0,0.0,0.00373134328358209,0.0,0.0,0.00746268656716418,0.0,0.0,0.0,0.0,0.0,0.0,0.0,0.0,0.00373134328358209,0.0,0.0,0.0,0.00373134328358209,0.00373134328358209,0.0,0.0,0.0,0.0,0.0,0.0,0.0,0.0,0.0,0.00373134328358209,0.0,0.00373134328358209,0.0,0.0,0.00373134328358209,0.0,0.0,0.0,0.0,0.00373134328358209,0.0,0.0,0.0,0.0,0.00373134328358209,0.0,0.0,0.0,0.02985074626865672,0.0,0.0,0.0,0.00373134328358209,0.0,0.0,0.0,0.0,0.0,0.0,0.0,0.00373134328358209,0.0,0.0,0.0,0.00373134328358209,0.0,0.0,0.00373134328358209,0.0,0.0,0.0,0.0,0.0,0.0,0.018656716417910446,0.0,0.0,0.0,0.0,0.0,0.0,0.0,0.0,0.0,0.0,0.00373134328358209,0.0,0.0,0.00373134328358209,0.0,0.0,0.0,0.0,0.00746268656716418,0.0,0.0,0.0,0.0,0.0,0.0,0.0,0.0,0.0,0.0,0.01492537313432836,0.0,0.0,0.0,0.0,0.00373134328358209,0.0,0.00373134328358209,0.0,0.0,0.0,0.0,0.0,0.0,0.0,0.00746268656716418,0.0,0.0,0.0,0.01492537313432836,0.0,0.026119402985074626,8,2,0.3278954131395368,0.19375000000000006,0.4272569444444444,-0.38125,13,0.2343953087969821,0.5403774928774929,20,20,1,0,1,2,11,9,0,1,3,3,0,5,28,1,0,0,0,0,31,42,12,10,6,10,13,8,2,6,1,1,23,6,274,9.448275862068966,11.42165579788147,1369,47.206896551724135,59.590776485063074,0
m2892,6,11,0.0,0.006896551724137931,0.0,0.0,0.0,0.020689655172413796,0.020689655172413796,0.0,0.0,0.0,0.0,0.0,0.0,0.0,0.0,0.0,0.013793103448275862,0.0,0.0,0.0,0.0,0.0,0.0,0.0,0.0,0.0,0.0,0.0,0.0,0.0,0.0,0.0,0.0,0.006896551724137931,0.0,0.0,0.0,0.0,0.006896551724137931,0.020689655172413796,0.0,0.0,0.0,0.0,0.0,0.0,0.0,0.0,0.0,0.0,0.0,0.04137931034482759,0.0,0.0,0.0,0.006896551724137931,0.0,0.0,0.0,0.0,0.013793103448275862,0.0,0.0,0.0,0.0,0.0,0.006896551724137931,0.0,0.006896551724137931,0.0,0.0,0.006896551724137931,0.0,0.0,0.0,0.0,0.0,0.0,0.0,0.0,0.0,0.0,0.0,0.0,0.006896551724137931,0.0,0.0,0.0,0.0,0.0,0.0,0.0,0.0,0.0,0.0,0.0,0.013793103448275862,0.0,0.020689655172413796,0.0,0.0,0.0,0.006896551724137931,0.006896551724137931,0.0,0.006896551724137931,0.0,0.0,0.0,0.0,0.0,0.0,0.0,0.0,0.0,0.0,0.0,0.006896551724137931,0.0,0.0,0.020689655172413796,0.0,0.0,0.0,0.006896551724137931,0.0,0.05517241379310345,0.0,0.0,0.0,0.0,0.0,0.0,0.006896551724137931,0.0,0.0,0.006896551724137931,0.0,0.0,0.0,0.0,0.0,0.013793103448275862,0.006896551724137931,0.0,0.0,0.0,0.0,0.0,0.0,0.0,0.0,0.0,0.0,0.0,0.0,0.0,0.0,0.0,0.0,0.006896551724137931,0.0,0.0,0.0,0.0,0.0,0.0,0.0,0.0,0.0,0.0,0.0,0.0,0.006896551724137931,0.006896551724137931,0.04137931034482759,0.0,0.0,0.013793103448275862,0.0,0.0,0.0,0.0,0.0,0.0,0.006896551724137931,0.0,0.0,0.020689655172413796,0.0,0.006896551724137931,0.0,0.04827586206896552,0.0,0.0,7,0,0.237677505228388,0.0,0.4259894867037724,0.0,7,0.11447644870486487,0.5632189239332097,19,8,0,0,0,0,2,3,0,0,2,0,0,6,6,0,0,0,0,0,24,18,11,12,2,3,11,0,1,6,1,0,8,3,148,13.454545454545455,12.794626971461225,738,67.0909090909091,64.82487533971752,0
m7827,1,1,0.0,0.0,0.0,0.0,0.0,0.0,0.0,0.0,0.0,0.0,0.0,0.0,0.0,0.0,0.0,0.0,0.0,0.0,0.0,0.0,0.0,0.0,0.0,0.0,0.0,0.0,0.0,0.0,0.0,0.0,0.0,0.0,0.0,0.0,0.0,0.0,0.0,0.0,0.0,0.0,0.0,0.0,0.0,0.0,0.0,0.0,0.0,0.0,0.0,0.0,0.0,0.0,0.0,0.0,0.0,0.0,0.0,0.0,0.0,0.0,0.0,0.0,0.0,0.0,0.0,0.0,0.0,0.0,0.0,0.0,0.0,0.0,0.0,0.0,0.0,0.0,0.0,0.0,0.0,0.0,0.0,0.0,0.0,0.0,0.0,0.0,0.0,0.0,0.0,0.0,0.0,0.0,0.0,0.0,0.0,0.0,0.0,0.0,0.0,0.0,0.0,0.0,0.0,0.0,0.0,0.0,0.0,0.0,0.0,0.0,0.0,0.0,0.0,0.0,0.0,0.0,0.0,0.0,0.0,0.0,0.0,0.0,0.0,0.0,0.0,0.0,0.0,0.0,0.0,0.0,0.0,0.0,0.0,0.0,0.0,0.0,0.0,0.0,0.0,0.0,0.0,0.0,0.0,0.0,0.0,0.0,0.0,0.0,0.0,0.0,0.0,0.0,0.0,0.0,0.0,0.0,0.0,0.0,0.0,0.0,0.0,0.0,0.0,0.0,0.0,0.0,0.0,0.0,0.0,0.0,0.0,0.0,0.0,0.0,0.0,0.0,0.0,0.0,0.0,0.0,0.0,0.0,0.0,0.0,0.0,0.0,0.0,0.0,0.0,0.0,0.0,0.0,0.0,0.0,0.0,0,0,0.0,0.0,0.0,0.0,0,0.0,0.0,3,0,0,0,0,0,1,0,0,0,0,0,0,0,0,0,0,0,0,0,2,1,1,2,0,0,0,0,0,0,0,0,0,0,9,9.0,0.0,81,81.0,0.0,0
m2803,2,3,0.0,0.0,0.0,0.16666666666666666,0.16666666666666666,0.0,0.0,0.0,0.0,0.0,0.0,0.0,0.0,0.0,0.0,0.16666666666666666,0.0,0.0,0.0,0.0,0.0,0.0,0.0,0.0,0.0,0.16666666666666666,0.0,0.0,0.0,0.0,0.0,0.0,0.16666666666666666,0.0,0.0,0.0,0.0,0.0,0.0,0.0,0.16666666666666666,0.0,0.0,0.0,0.0,0.0,0.0,0.0,0.0,0.0,0.0,0.0,0.0,0.16666666666666666,0.0,0.0,0.0,0.0,0.0,0.0,0.0,0.0,0.0,0.0,0.0,0.0,0.0,0.0,0.0,0.0,0.0,0.0,0.0,0.0,0.0,0.0,0.0,0.0,0.0,0.0,0.0,0.0,0.0,0.0,0.0,0.0,0.0,0.0,0.0,0.0,0.0,0.0,0.0,0.0,0.0,0.0,0.0,0.0,0.16666666666666666,0.16666666666666666,0.0,0.0,0.0,0.0,0.0,0.0,0.0,0.0,0.0,0.0,0.0,0.0,0.0,0.0,0.0,0.0,0.0,0.0,0.0,0.16666666666666666,0.16666666666666666,0.0,0.0,0.0,0.0,0.0,0.16666666666666666,0.0,0.0,0.0,0.0,0.0,0.0,0.16666666666666666,0.0,0.16666666666666666,0.0,0.0,0.0,0.0,0.0,0.0,0.0,0.0,0.0,0.0,0.0,0.0,0.0,0.16666666666666666,0.0,0.0,0.0,0.0,0.0,0.0,0.0,0.0,0.0,0.0,0.0,0.0,0.0,0.0,0.0,0.0,0.16666666666666666,0.0,0.0,0.0,0.0,0.0,0.0,0.0,0.0,0.0,0.0,0.0,0.0,0.16666666666666666,0.0,0.0,0.0,0.0,0.0,0.0,0.0,0.0,0.0,0.0,0.0,0.0,0.0,0.0,0.0,0,0,0.0,0.0,0.0,0.0,0,0.0,0.0,0,0,0,0,0,0,0,1,0,0,0,0,0,0,2,0,0,0,0,0,3,1,1,0,0,0,0,0,0,0,0,0,0,0,6,2.0,0.8164965809277259,48,16.0,4.320493798938574,2
m3810,3,124,0.0023847376788553253,0.003179650238473768,0.0,0.003179650238473768,0.003179650238473768,0.006359300476947536,0.0023847376788553253,0.000794912559618442,0.000794912559618442,0.015103338632750396,0.0,0.001589825119236884,0.000794912559618442,0.007154213036565978,0.0,0.004769475357710652,0.001589825119236884,0.000794912559618442,0.000794912559618442,0.0,0.0,0.0023847376788553253,0.0,0.000794912559618442,0.0023847376788553253,0.0,0.0023847376788553253,0.0,0.014308426073131956,0.001589825119236884,0.004769475357710652,0.0,0.0,0.0,0.001589825119236884,0.000794912559618442,0.000794912559618442,0.0,0.0,0.003179650238473768,0.001589825119236884,0.000794912559618442,0.0,0.0023847376788553253,0.0,0.0,0.0,0.004769475357710652,0.004769475357710652,0.003179650238473768,0.0,0.006359300476947536,0.000794912559618442,0.0023847376788553253,0.005564387917329093,0.000794912559618442,0.0,0.0023847376788553253,0.0,0.0,0.006359300476947536,0.0,0.0,0.0023847376788553253,0.001589825119236884,0.0,0.0,0.0,0.0,0.000794912559618442,0.001589825119236884,0.0,0.0,0.0,0.001589825119236884,0.0023847376788553253,0.0023847376788553253,0.0023847376788553253,0.0,0.000794912559618442,0.0023847376788553253,0.0,0.0023847376788553253,0.0023847376788553253,0.0023847376788553253,0.0,0.000794912559618442,0.001589825119236884,0.001589825119236884,0.005564387917329093,0.0,0.0,0.0,0.0,0.0,0.0,0.005564387917329093,0.000794912559618442,0.011128775834658187,0.007154213036565978,0.001589825119236884,0.000794912559618442,0.004769475357710652,0.0,0.0,0.006359300476947536,0.0,0.0023847376788553253,0.0,0.0,0.0,0.0,0.005564387917329093,0.0,0.0,0.003179650238473768,0.0,0.001589825119236884,0.0,0.010333863275039743,0.01192368839427663,0.0,0.006359300476947536,0.000794912559618442,0.000794912559618442,0.0,0.013513513513513514,0.0,0.0039745627980922104,0.003179650238473768,0.0,0.001589825119236884,0.000794912559618442,0.0023847376788553253,0.0023847376788553253,0.000794912559618442,0.000794912559618442,0.000794912559618442,0.001589825119236884,0.001589825119236884,0.006359300476947536,0.000794912559618442,0.004769475357710652,0.0023847376788553253,0.0,0.000794912559618442,0.000794912559618442,0.006359300476947536,0.0,0.0023847376788553253,0.000794912559618442,0.0,0.0,0.000794912559618442,0.0,0.0039745627980922104,0.001589825119236884,0.0039745627980922104,0.0023847376788553253,0.0,0.0,0.000794912559618442,0.003179650238473768,0.0,0.0,0.000794912559618442,0.000794912559618442,0.0,0.006359300476947536,0.000794912559618442,0.0,0.0,0.0,0.028616852146263912,0.004769475357710652,0.012718600953895072,0.000794912559618442,0.0,0.0039745627980922104,0.0023847376788553253,0.0,0.000794912559618442,0.000794912559618442,0.001589825119236884,0.0,0.004769475357710652,0.0,0.0,0.005564387917329093,0.001589825119236884,0.0023847376788553253,0.0,0.008744038155802861,0.0023847376788553253,0.017488076311605722,45,34,0.2196125965950643,0.2664480181904319,0.5023221634332745,-0.353202531012405,82,0.21096718473581996,0.6598844551370687,67,131,12,0,2,5,42,26,0,7,21,15,3,23,95,1,0,1,0,0,166,210,100,63,31,32,81,33,11,49,21,2,103,15,1497,12.07258064516129,16.659867456341036,8206,66.1774193548387,126.84070835723864,0
m4272,1,1,0.012658227848101266,0.0,0.0,0.0,0.0,0.0,0.0,0.0,0.0,0.0,0.0,0.0,0.0,0.0,0.0,0.0,0.0,0.0,0.012658227848101266,0.0,0.0,0.0,0.0,0.0,0.0,0.0,0.0,0.0,0.0,0.0,0.0,0.0,0.0,0.0,0.0,0.0,0.0,0.0,0.012658227848101266,0.0,0.0,0.0,0.0,0.0,0.0,0.0,0.012658227848101266,0.0,0.0,0.0,0.012658227848101266,0.0379746835443038,0.0,0.0,0.0,0.0,0.0,0.0,0.0,0.0,0.0,0.0,0.0,0.012658227848101266,0.0,0.0,0.0,0.0,0.0,0.0,0.0,0.0,0.0,0.0,0.0,0.0,0.0,0.0,0.0,0.0,0.0,0.0,0.0,0.0,0.0,0.0,0.0,0.0,0.0,0.0,0.0,0.0,0.0,0.0,0.0,0.0,0.012658227848101266,0.0,0.012658227848101266,0.0,0.012658227848101266,0.0,0.0,0.0,0.0,0.0,0.0,0.0,0.0,0.0,0.0,0.0,0.0,0.0,0.02531645569620253,0.0,0.0,0.0,0.0,0.012658227848101266,0.0,0.0,0.0,0.0,0.0,0.0,0.0,0.0,0.0,0.0,0.0,0.0,0.0,0.012658227848101266,0.0,0.0,0.0,0.0,0.0,0.0,0.0,0.0,0.02531645569620253,0.0,0.0,0.0,0.0,0.0,0.0,0.0,0.0,0.0,0.0,0.0,0.0,0.0,0.0,0.0,0.012658227848101266,0.0,0.0,0.0,0.0,0.0,0.0,0.0,0.0,0.0,0.0,0.02531645569620253,0.0,0.0,0.0,0.012658227848101266,0.0,0.0,0.0,0.0,0.0379746835443038,0.0,0.0,0.0,0.0,0.012658227848101266,0.0,0.012658227848101266,0.0,0.0,0.0,0.0,0.0,0.0,0.02531645569620253,0.0,0.0,1,0,0.0,0.0,0.5239285714285714,0.0,1,0.0,0.7285714285714285,0,7,1,0,0,0,4,2,0,0,1,1,0,0,8,1,0,0,0,0,4,14,6,6,1,3,2,2,2,7,1,0,6,2,79,79.0,0.0,417,417.0,0.0,0
m3552,3,58,0.002127659574468085,0.0,0.0,0.0,0.006382978723404255,0.006382978723404255,0.010638297872340424,0.0,0.006382978723404255,0.00425531914893617,0.002127659574468085,0.002127659574468085,0.0,0.0,0.0,0.00851063829787234,0.00425531914893617,0.0,0.010638297872340424,0.002127659574468085,0.0,0.0,0.0,0.0,0.002127659574468085,0.0,0.0,0.0,0.002127659574468085,0.00425531914893617,0.002127659574468085,0.0,0.0,0.0,0.0,0.0,0.0,0.0,0.00425531914893617,0.002127659574468085,0.0,0.002127659574468085,0.0,0.002127659574468085,0.0,0.0,0.0,0.0,0.0,0.002127659574468085,0.0,0.027659574468085105,0.006382978723404255,0.002127659574468085,0.010638297872340424,0.0,0.002127659574468085,0.002127659574468085,0.0,0.0,0.0,0.0,0.061702127659574474,0.002127659574468085,0.00425531914893617,0.0,0.0,0.0,0.002127659574468085,0.0,0.00425531914893617,0.0,0.0,0.0,0.0,0.00425531914893617,0.0,0.00851063829787234,0.0,0.0,0.0,0.0,0.0,0.0,0.002127659574468085,0.0,0.0,0.006382978723404255,0.002127659574468085,0.006382978723404255,0.0,0.0,0.0,0.0,0.0,0.0,0.02553191489361702,0.0,0.00425531914893617,0.0,0.0,0.0,0.0,0.006382978723404255,0.002127659574468085,0.00425531914893617,0.0,0.0,0.0,0.0,0.002127659574468085,0.0,0.0,0.002127659574468085,0.002127659574468085,0.0,0.0,0.0,0.0,0.0,0.002127659574468085,0.002127659574468085,0.0,0.0,0.002127659574468085,0.0,0.0,0.0,0.0,0.002127659574468085,0.0,0.002127659574468085,0.0,0.002127659574468085,0.002127659574468085,0.0,0.002127659574468085,0.006382978723404255,0.0,0.0,0.00425531914893617,0.0,0.023404255319148932,0.002127659574468085,0.0,0.0,0.0,0.00425531914893617,0.0,0.0,0.0,0.0,0.0,0.0,0.0,0.002127659574468085,0.0,0.0,0.0,0.0,0.0,0.002127659574468085,0.00425531914893617,0.0,0.002127659574468085,0.0,0.0,0.0,0.006382978723404255,0.00851063829787234,0.002127659574468085,0.0,0.0,0.00851063829787234,0.0,0.0,0.0,0.0,0.027659574468085105,0.0,0.0,0.00851063829787234,0.0,0.010638297872340424,0.0,0.00851063829787234,0.0,0.0,0.006382978723404255,0.002127659574468085,0.00425531914893617,0.002127659574468085,0.031914893617021274,0.0,0.01276595744680851,28,1,0.1909570927445051,0.0,0.4899316829004328,-0.6,29,0.1836933847659796,0.6895633780332056,7,34,0,10,0,5,11,32,0,1,11,4,0,14,32,0,1,3,1,0,87,41,29,46,19,9,20,7,1,15,5,1,26,1,478,8.241379310344827,9.272336209777887,2926,50.44827586206897,43.9498822774278,1
m5929,8,10,0.0,0.0,0.0,0.0,0.0,0.0,0.0,0.0,0.0,0.0,0.0,0.0,0.0,0.0,0.0,0.0,0.0,0.0,0.0,0.0,0.0,0.0,0.0,0.0,0.0,0.0,0.0,0.0,0.0,0.0,0.0,0.0,0.0,0.0,0.0,0.04878048780487805,0.0,0.0,0.0,0.0,0.0,0.024390243902439025,0.0,0.0,0.0,0.0,0.0,0.0,0.0,0.0,0.04878048780487805,0.0,0.0,0.0,0.0,0.0,0.0,0.0,0.0,0.0,0.0,0.0,0.0,0.0,0.0,0.0,0.0,0.0,0.0,0.0,0.0,0.0,0.0,0.0,0.0,0.0,0.0,0.0,0.0,0.0,0.0,0.0,0.0,0.0,0.0,0.0,0.0,0.0,0.0,0.0,0.0,0.0,0.0,0.0,0.0,0.0,0.0,0.0,0.0,0.0,0.0,0.0,0.0,0.0,0.0,0.0,0.0,0.0,0.0,0.0,0.0,0.0,0.0,0.0,0.0,0.0,0.0,0.0,0.0,0.0,0.0,0.0,0.0,0.0,0.0,0.0,0.0,0.0,0.0,0.0,0.0,0.0,0.024390243902439025,0.0,0.0,0.0,0.0,0.0,0.0,0.0,0.0,0.0,0.0,0.0,0.0,0.0,0.0,0.0,0.0,0.0,0.0,0.0,0.0,0.0,0.0,0.0,0.0,0.0,0.0,0.0,0.0,0.0,0.0,0.0,0.0,0.0,0.0,0.0,0.0,0.0,0.0,0.0,0.0,0.0,0.0,0.0,0.0,0.0,0.0,0.0,0.0,0.0,0.0,0.0,0.0,0.0,0.0,0.0,0.024390243902439025,0.0,0.0,0.0,0.0,0.0,0.0,1,0,0.0,0.0,0.6,0.0,1,0.0,0.8,20,0,0,0,0,0,0,0,0,0,0,0,0,1,1,0,0,0,0,0,8,1,0,3,0,0,2,0,0,0,0,0,1,4,45,4.5,2.9068883707497264,423,42.3,29.55689428881188,0
m676,2,15,0.0,0.0,0.008888888888888889,0.013333333333333334,0.0,0.0,0.008888888888888889,0.0,0.0,0.004444444444444445,0.004444444444444445,0.0,0.004444444444444445,0.004444444444444445,0.0,0.004444444444444445,0.017777777777777778,0.0,0.0,0.0,0.0,0.0,0.0,0.0,0.0,0.0,0.0,0.0,0.0,0.0,0.0,0.0,0.004444444444444445,0.004444444444444445,0.0,0.0,0.0,0.0,0.0,0.0,0.017777777777777778,0.004444444444444445,0.0,0.008888888888888889,0.0,0.0,0.0,0.0,0.0,0.0,0.0,0.0,0.0,0.004444444444444445,0.004444444444444445,0.0,0.0,0.0,0.0,0.0,0.022222222222222227,0.0,0.0,0.004444444444444445,0.0,0.0,0.0,0.0,0.004444444444444445,0.0,0.0,0.0,0.004444444444444445,0.0,0.0,0.0,0.0,0.0,0.0,0.0,0.0,0.0,0.004444444444444445,0.0,0.004444444444444445,0.0,0.004444444444444445,0.004444444444444445,0.004444444444444445,0.0,0.0,0.0,0.0,0.0,0.004444444444444445,0.0,0.0,0.0,0.008888888888888889,0.004444444444444445,0.004444444444444445,0.0,0.0,0.0,0.0,0.008888888888888889,0.0,0.0,0.004444444444444445,0.004444444444444445,0.0,0.0,0.004444444444444445,0.0,0.0,0.0,0.0,0.0,0.0,0.0,0.008888888888888889,0.0,0.0,0.0,0.0,0.0,0.013333333333333334,0.0,0.004444444444444445,0.0,0.0,0.0,0.0,0.008888888888888889,0.0,0.017777777777777778,0.0,0.0,0.0,0.0,0.0,0.0,0.0,0.03555555555555556,0.004444444444444445,0.0,0.0,0.0,0.0,0.008888888888888889,0.0,0.0,0.0,0.008888888888888889,0.0,0.004444444444444445,0.0,0.0,0.0,0.0,0.0,0.0,0.0,0.0,0.0,0.0,0.004444444444444445,0.0,0.0,0.0,0.0,0.0,0.0,0.013333333333333334,0.0,0.013333333333333334,0.0,0.0,0.0,0.013333333333333334,0.004444444444444445,0.0,0.0,0.0,0.0,0.0,0.0,0.0,0.022222222222222227,0.0,0.0,0.0,0.0,0.0,0.03555555555555556,7,4,0.1649261821675024,0.12793430931536698,0.27346938775510204,-0.25625,11,0.20959491180292103,0.5100108225108225,10,38,1,0,0,0,4,5,0,1,3,3,0,8,11,1,1,0,0,0,34,26,16,14,8,5,11,3,1,8,2,0,16,7,233,15.533333333333333,12.537233435739413,1145,76.33333333333333,59.37975711937155,0
m2109,6,192,0.002308402585410896,0.0009233610341643582,0.0,0.012003693444136656,0.002770083102493075,0.0110803324099723,0.007848568790397045,0.002770083102493075,0.002770083102493075,0.00554016620498615,0.0004616805170821791,0.0,0.003693444136657433,0.0009233610341643582,0.0,0.008310249307479225,0.006463527239150508,0.0004616805170821791,0.002308402585410896,0.0018467220683287165,0.0,0.0041551246537396115,0.0,0.003693444136657433,0.002308402585410896,0.0,0.0013850415512465374,0.0,0.0041551246537396115,0.0041551246537396115,0.004616805170821792,0.0004616805170821791,0.002770083102493075,0.0,0.002770083102493075,0.002770083102493075,0.0,0.0004616805170821791,0.0,0.00554016620498615,0.008771929824561403,0.0004616805170821791,0.002770083102493075,0.008771929824561403,0.0,0.0018467220683287165,0.0,0.0009233610341643582,0.0004616805170821791,0.003231763619575254,0.002770083102493075,0.006463527239150508,0.0,0.0050784856879039705,0.011542012927054479,0.0004616805170821791,0.0,0.0004616805170821791,0.0004616805170821791,0.0,0.010618651892890121,0.007386888273314866,0.0013850415512465374,0.002770083102493075,0.008310249307479225,0.0004616805170821791,0.0,0.0009233610341643582,0.0013850415512465374,0.0004616805170821791,0.0,0.0,0.0018467220683287165,0.0,0.002308402585410896,0.003693444136657433,0.0009233610341643582,0.012927054478301015,0.0,0.0004616805170821791,0.0013850415512465374,0.0004616805170821791,0.007386888273314866,0.0013850415512465374,0.002770083102493075,0.0,0.0013850415512465374,0.0041551246537396115,0.007386888273314866,0.006925207756232687,0.0009233610341643582,0.0009233610341643582,0.0,0.0,0.0004616805170821791,0.0,0.003231763619575254,0.0004616805170821791,0.0050784856879039705,0.003693444136657433,0.0018467220683287165,0.0013850415512465374,0.0009233610341643582,0.0009233610341643582,0.0,0.003693444136657433,0.0,0.0004616805170821791,0.0004616805170821791,0.0,0.0004616805170821791,0.0004616805170821791,0.0009233610341643582,0.006925207756232687,0.0013850415512465374,0.0013850415512465374,0.0009233610341643582,0.003693444136657433,0.0,0.004616805170821792,0.002770083102493075,0.0,0.006463527239150508,0.0,0.0004616805170821791,0.0,0.003693444136657433,0.0,0.0004616805170821791,0.0018467220683287165,0.0004616805170821791,0.0,0.0004616805170821791,0.0110803324099723,0.0013850415512465374,0.009233610341643585,0.0009233610341643582,0.0013850415512465374,0.0018467220683287165,0.0009233610341643582,0.004616805170821792,0.0004616805170821791,0.0013850415512465374,0.006463527239150508,0.0004616805170821791,0.0,0.0013850415512465374,0.0050784856879039705,0.0,0.009233610341643585,0.0,0.0,0.0,0.0009233610341643582,0.006463527239150508,0.003693444136657433,0.003231763619575254,0.0013850415512465374,0.003231763619575254,0.0018467220683287165,0.002770083102493075,0.0009233610341643582,0.009233610341643585,0.0,0.0,0.0,0.002770083102493075,0.0004616805170821791,0.007386888273314866,0.0004616805170821791,0.0,0.0,0.0009233610341643582,0.012003693444136656,0.0009233610341643582,0.002770083102493075,0.0,0.0013850415512465374,0.003231763619575254,0.007386888273314866,0.0,0.0009233610341643582,0.002308402585410896,0.002770083102493075,0.0,0.0050784856879039705,0.0,0.0004616805170821791,0.013850415512465374,0.002308402585410896,0.0004616805170821791,0.0,0.0050784856879039705,0.0004616805170821791,0.007848568790397045,87,14,0.19291505019783492,0.1940981095757324,0.4257565719455089,-0.3302083333333333,110,0.22316367423623693,0.5634116762866761,80,157,31,0,3,4,78,69,1,15,38,11,4,86,182,1,1,0,1,0,336,295,85,118,54,75,135,68,15,80,22,2,178,29,2282,11.885416666666664,15.717141512577562,11136,58.0,78.9477015709345,0
m1960,6,192,0.0016750418760469012,0.0011166945840312677,0.0,0.0,0.0,0.006700167504187605,0.0033500837520938024,0.0016750418760469012,0.004466778336125071,0.0033500837520938024,0.0,0.0022333891680625354,0.0005583472920156337,0.0005583472920156337,0.0,0.011166945840312676,0.0005583472920156337,0.0,0.0005583472920156337,0.0016750418760469012,0.0011166945840312677,0.0033500837520938024,0.0005583472920156337,0.005025125628140704,0.0022333891680625354,0.0005583472920156337,0.0,0.0011166945840312677,0.0011166945840312677,0.0011166945840312677,0.0005583472920156337,0.0,0.0,0.0005583472920156337,0.0005583472920156337,0.0011166945840312677,0.0,0.0,0.0,0.0011166945840312677,0.0,0.004466778336125071,0.0,0.0033500837520938024,0.0016750418760469012,0.0005583472920156337,0.0005583472920156337,0.0,0.0022333891680625354,0.0011166945840312677,0.0016750418760469012,0.0016750418760469012,0.0,0.002791736460078169,0.01340033500837521,0.0,0.0005583472920156337,0.0011166945840312677,0.0005583472920156337,0.0,0.0011166945840312677,0.0033500837520938024,0.0022333891680625354,0.0033500837520938024,0.002791736460078169,0.0,0.0,0.0,0.0016750418760469012,0.0011166945840312677,0.0,0.0,0.0,0.0005583472920156337,0.0022333891680625354,0.0016750418760469012,0.0005583472920156337,0.004466778336125071,0.0,0.0,0.002791736460078169,0.0005583472920156337,0.0011166945840312677,0.0,0.0022333891680625354,0.0,0.0016750418760469012,0.0005583472920156337,0.004466778336125071,0.006141820212171971,0.0005583472920156337,0.0,0.0,0.0,0.0,0.0,0.0016750418760469012,0.0,0.0055834729201563365,0.003908431044109436,0.0005583472920156337,0.0,0.0016750418760469012,0.0005583472920156337,0.0,0.0033500837520938024,0.0005583472920156337,0.0005583472920156337,0.0005583472920156337,0.0005583472920156337,0.002791736460078169,0.0,0.0005583472920156337,0.0022333891680625354,0.0005583472920156337,0.0011166945840312677,0.0,0.002791736460078169,0.0016750418760469012,0.007816862088218872,0.004466778336125071,0.0005583472920156337,0.0022333891680625354,0.0,0.0005583472920156337,0.0,0.002791736460078169,0.0,0.0,0.0022333891680625354,0.0,0.0011166945840312677,0.0,0.0016750418760469012,0.0016750418760469012,0.0,0.0,0.005025125628140704,0.0005583472920156337,0.0,0.0022333891680625354,0.0,0.0016750418760469012,0.004466778336125071,0.0,0.0005583472920156337,0.0,0.0011166945840312677,0.0022333891680625354,0.0005583472920156337,0.0,0.0005583472920156337,0.0,0.0005583472920156337,0.0016750418760469012,0.005025125628140704,0.0005583472920156337,0.0033500837520938024,0.0016750418760469012,0.002791736460078169,0.0005583472920156337,0.0016750418760469012,0.010050251256281407,0.0,0.0016750418760469012,0.0005583472920156337,0.0016750418760469012,0.0011166945840312677,0.003908431044109436,0.0,0.0005583472920156337,0.0,0.0,0.012841987716359577,0.0011166945840312677,0.002791736460078169,0.0016750418760469012,0.0016750418760469012,0.010050251256281407,0.0,0.0011166945840312677,0.003908431044109436,0.002791736460078169,0.0022333891680625354,0.0011166945840312677,0.012841987716359577,0.0,0.0005583472920156337,0.0011166945840312677,0.0005583472920156337,0.0011166945840312677,0.002791736460078169,0.005025125628140704,0.0,0.021775544388609715,65,29,0.2618925036303001,0.2222128806678172,0.40658896658896665,-0.2825387495646117,101,0.25781798715373544,0.5460934486305773,11,138,19,1,0,3,93,73,0,8,50,19,1,77,110,6,1,0,3,2,314,229,58,89,48,52,84,25,15,66,27,4,152,18,1809,9.421875,8.93169337160513,8742,45.53125,44.84938988924487,0
m5464,4,45,0.0,0.0023148148148148147,0.0,0.0023148148148148147,0.0046296296296296285,0.009259259259259259,0.0023148148148148147,0.0,0.0046296296296296285,0.0,0.0,0.0,0.0,0.0,0.0,0.013888888888888888,0.011574074074074072,0.0,0.0046296296296296285,0.0023148148148148147,0.0,0.0,0.0,0.0,0.0,0.0,0.0,0.0,0.0,0.009259259259259259,0.0,0.0,0.0,0.0,0.0,0.006944444444444444,0.0,0.0,0.0,0.0023148148148148147,0.0,0.006944444444444444,0.0,0.006944444444444444,0.0,0.0,0.0,0.0,0.0046296296296296285,0.0046296296296296285,0.0046296296296296285,0.013888888888888888,0.0,0.0023148148148148147,0.011574074074074072,0.0,0.0,0.0,0.0,0.0,0.0046296296296296285,0.0023148148148148147,0.0,0.006944444444444444,0.009259259259259259,0.0,0.0,0.0,0.0046296296296296285,0.0023148148148148147,0.0046296296296296285,0.0,0.0023148148148148147,0.0,0.0,0.0,0.0,0.006944444444444444,0.0,0.0,0.0023148148148148147,0.0,0.0023148148148148147,0.0023148148148148147,0.0,0.0,0.0,0.016203703703703703,0.006944444444444444,0.0,0.0046296296296296285,0.0,0.0023148148148148147,0.0,0.0,0.0,0.0023148148148148147,0.0,0.018518518518518517,0.009259259259259259,0.0023148148148148147,0.0,0.0,0.0046296296296296285,0.0,0.0,0.0,0.0,0.0,0.0,0.0,0.0,0.0023148148148148147,0.0,0.0023148148148148147,0.0046296296296296285,0.0,0.011574074074074072,0.0,0.011574074074074072,0.011574074074074072,0.0,0.0023148148148148147,0.0,0.0,0.0,0.009259259259259259,0.0,0.0023148148148148147,0.0,0.0,0.0,0.0,0.0046296296296296285,0.0046296296296296285,0.0023148148148148147,0.0023148148148148147,0.009259259259259259,0.0,0.0023148148148148147,0.0,0.0,0.0046296296296296285,0.0023148148148148147,0.0,0.0,0.0,0.0,0.0,0.0023148148148148147,0.0,0.0,0.0,0.0023148148148148147,0.0,0.0046296296296296285,0.0,0.0,0.0023148148148148147,0.0,0.0,0.0023148148148148147,0.016203703703703703,0.0,0.0,0.0,0.0,0.0023148148148148147,0.0,0.0023148148148148147,0.0,0.0,0.0,0.006944444444444444,0.0,0.006944444444444444,0.0,0.0,0.009259259259259259,0.0,0.0,0.0,0.0,0.006944444444444444,0.0,0.011574074074074072,0.0,0.0,0.0046296296296296285,0.0,0.009259259259259259,0.0,0.011574074074074072,0.0023148148148148147,0.013888888888888888,24,3,0.26614677450003976,0.09428090415820634,0.4221049783549785,-0.18333333333333332,27,0.2418315111401892,0.5001841608323091,43,33,6,0,4,1,18,12,0,5,6,3,0,23,32,0,0,0,1,0,56,56,17,24,15,20,24,5,5,11,3,1,31,8,433,9.622222222222222,8.26045166612547,2204,48.977777777777774,42.74237496073365,0
m1226,8,130,0.0013736263736263735,0.0027472527472527475,0.0027472527472527475,0.0027472527472527475,0.0013736263736263735,0.0027472527472527475,0.0027472527472527475,0.0,0.0013736263736263735,0.0013736263736263735,0.0,0.0013736263736263735,0.0,0.0,0.0,0.005494505494505495,0.009615384615384616,0.0,0.006868131868131868,0.0027472527472527475,0.0,0.0,0.0,0.0013736263736263735,0.0013736263736263735,0.0013736263736263735,0.0,0.0,0.0027472527472527475,0.004120879120879121,0.0027472527472527475,0.0013736263736263735,0.0013736263736263735,0.0,0.0027472527472527475,0.004120879120879121,0.0,0.0,0.0,0.0,0.0013736263736263735,0.0013736263736263735,0.0013736263736263735,0.0,0.0013736263736263735,0.0,0.0013736263736263735,0.0,0.0027472527472527475,0.004120879120879121,0.004120879120879121,0.006868131868131868,0.0013736263736263735,0.0013736263736263735,0.005494505494505495,0.0,0.0,0.0,0.0,0.0,0.012362637362637362,0.004120879120879121,0.0,0.0013736263736263735,0.0,0.0,0.0,0.0013736263736263735,0.004120879120879121,0.0,0.0013736263736263735,0.0,0.0027472527472527475,0.0,0.0013736263736263735,0.0013736263736263735,0.0013736263736263735,0.0027472527472527475,0.0,0.0,0.0013736263736263735,0.0,0.005494505494505495,0.005494505494505495,0.0013736263736263735,0.0,0.0013736263736263735,0.0013736263736263735,0.0027472527472527475,0.004120879120879121,0.004120879120879121,0.0013736263736263735,0.0,0.0,0.0,0.0013736263736263735,0.006868131868131868,0.0013736263736263735,0.008241758241758242,0.008241758241758242,0.0013736263736263735,0.0,0.0,0.0,0.0,0.0013736263736263735,0.0,0.0,0.0,0.0013736263736263735,0.0027472527472527475,0.0,0.004120879120879121,0.004120879120879121,0.0027472527472527475,0.0013736263736263735,0.0,0.004120879120879121,0.0027472527472527475,0.005494505494505495,0.008241758241758242,0.0013736263736263735,0.006868131868131868,0.0,0.0,0.0013736263736263735,0.004120879120879121,0.0027472527472527475,0.004120879120879121,0.0027472527472527475,0.0,0.0,0.0013736263736263735,0.008241758241758242,0.0027472527472527475,0.0027472527472527475,0.0,0.0013736263736263735,0.0,0.0013736263736263735,0.0013736263736263735,0.0,0.005494505494505495,0.006868131868131868,0.0,0.0,0.0,0.0027472527472527475,0.0,0.0013736263736263735,0.0,0.0,0.0,0.0,0.004120879120879121,0.0027472527472527475,0.0027472527472527475,0.0027472527472527475,0.0013736263736263735,0.0027472527472527475,0.0,0.0013736263736263735,0.0013736263736263735,0.0,0.0,0.0,0.0,0.0,0.004120879120879121,0.004120879120879121,0.0,0.0,0.0,0.012362637362637362,0.0,0.0027472527472527475,0.0027472527472527475,0.0027472527472527475,0.008241758241758242,0.004120879120879121,0.0013736263736263735,0.0,0.0,0.0027472527472527475,0.0,0.004120879120879121,0.0,0.0,0.016483516483516484,0.0013736263736263735,0.0027472527472527475,0.0,0.012362637362637362,0.0027472527472527475,0.0,28,13,0.18773812118775676,0.22496890554850266,0.44717261904761896,-0.3704429651545037,46,0.2755782720890373,0.6060479375696767,37,67,4,2,1,2,16,16,0,10,12,4,1,22,47,2,0,0,1,0,116,119,58,30,26,31,38,10,7,14,5,0,56,5,733,5.638461538461539,6.360943140221903,3927,30.20769230769231,31.78163382396679,0
e122,1,1,0.0,0.0,0.0,0.0,0.0,0.0,0.0,0.0,0.0,0.0,0.0,0.0,0.0,0.0,0.0,0.0,0.0,0.0,0.0,0.0,0.0,0.0,0.0,0.0,0.0,0.0,0.0,0.0,0.0,0.0,0.0,0.0,0.0,0.0,0.0,0.0,0.0,0.0,0.0,0.0,0.0,0.07142857142857142,0.0,0.0,0.0,0.0,0.0,0.0,0.0,0.0,0.0,0.0,0.0,0.0,0.0,0.0,0.0,0.0,0.0,0.0,0.0,0.0,0.0,0.0,0.0,0.0,0.0,0.0,0.0,0.0,0.0,0.0,0.0,0.0,0.0,0.0,0.0,0.0,0.0,0.0,0.0,0.0,0.0,0.0,0.0,0.0,0.0,0.0,0.0,0.0,0.0,0.0,0.0,0.0,0.0,0.0,0.0,0.0,0.0,0.0,0.0,0.0,0.0,0.0,0.0,0.0,0.0,0.0,0.0,0.0,0.0,0.0,0.0,0.0,0.0,0.0,0.0,0.0,0.0,0.0,0.0,0.0,0.0,0.0,0.0,0.0,0.0,0.0,0.0,0.0,0.0,0.0,0.0,0.0,0.0,0.0,0.0,0.0,0.0,0.0,0.0,0.0,0.0,0.0,0.0,0.0,0.0,0.0,0.0,0.0,0.0,0.0,0.0,0.0,0.0,0.0,0.0,0.0,0.0,0.0,0.0,0.0,0.0,0.0,0.0,0.0,0.0,0.0,0.0,0.0,0.0,0.0,0.0,0.0,0.0,0.0,0.0,0.0,0.0,0.0,0.0,0.0,0.0,0.0,0.0,0.0,0.0,0.0,0.0,0.0,0.0,0.0,0.0,0.0,0.0,0,0,0.0,0.0,0.0,0.0,1,0.0,0.06666666666666668,4,0,0,0,0,0,0,0,0,0,0,0,0,0,1,0,0,0,0,0,6,0,0,2,0,0,0,0,0,0,1,0,0,0,18,18.0,0.0,78,78.0,0.0,0
m9301,3,12,0.0,0.0,0.0,0.0,0.0,0.0,0.0,0.0,0.0,0.0,0.0,0.0,0.0,0.0,0.0,0.0,0.0,0.0,0.0,0.0,0.0,0.0,0.0,0.03333333333333333,0.0,0.03333333333333333,0.0,0.0,0.0,0.03333333333333333,0.0,0.0,0.0,0.0,0.0,0.0,0.0,0.0,0.0,0.0,0.0,0.0,0.0,0.0,0.0,0.0,0.0,0.0,0.0,0.0,0.0,0.0,0.0,0.0,0.0,0.0,0.0,0.0,0.0,0.0,0.03333333333333333,0.0,0.0,0.0,0.0,0.0,0.0,0.0,0.0,0.0,0.0,0.0,0.0,0.0,0.0,0.0,0.0,0.0,0.0,0.0,0.0,0.0,0.0,0.0,0.0,0.0,0.0,0.0,0.0,0.0,0.0,0.0,0.0,0.0,0.0,0.0,0.0,0.0,0.0,0.0,0.0,0.0,0.0,0.0,0.0,0.0,0.0,0.0,0.0,0.0,0.0,0.0,0.0,0.0,0.0,0.0,0.0,0.0,0.0,0.0,0.0,0.0,0.0,0.0,0.0,0.0,0.0,0.0,0.0,0.0,0.0,0.0,0.0,0.0,0.0,0.0,0.0,0.0,0.0,0.0,0.0,0.0,0.0,0.0,0.0,0.0,0.0,0.0,0.0,0.0,0.0,0.03333333333333333,0.0,0.0,0.0,0.0,0.0,0.0,0.0,0.0,0.0,0.0,0.03333333333333333,0.0,0.0,0.0,0.0,0.0,0.0,0.0,0.0,0.0,0.0,0.0,0.0,0.03333333333333333,0.0,0.03333333333333333,0.0,0.0,0.0,0.0,0.0,0.0,0.0,0.0,0.0,0.0,0.0,0.0,0.0,0.0,0.0,0.0,0.0,1,0,0.0,0.0,0.2,0.0,1,0.0,0.2,8,0,0,0,0,0,1,1,0,0,0,0,0,0,0,0,0,0,0,0,7,0,0,0,0,0,0,0,0,0,0,0,0,19,40,3.333333333333333,1.5456030825826172,231,19.25,13.75454470347892,2
m9886,5,8,0.02112676056338028,0.0,0.0,0.007042253521126761,0.0,0.02112676056338028,0.02112676056338028,0.0,0.0,0.0,0.0,0.0,0.0,0.0,0.0,0.02112676056338028,0.0,0.0,0.0,0.0,0.0,0.007042253521126761,0.0,0.0,0.0,0.0,0.0,0.0,0.0,0.0,0.0,0.0,0.0,0.0,0.0,0.0,0.0,0.0,0.0,0.02112676056338028,0.007042253521126761,0.0,0.0,0.0,0.0,0.0,0.0,0.0,0.0,0.0,0.0,0.0,0.0,0.0,0.0,0.0,0.0,0.0,0.0,0.0,0.014084507042253518,0.0,0.0,0.0,0.0,0.0,0.0,0.0,0.0,0.0,0.0,0.0,0.035211267605633804,0.0,0.0,0.0,0.0,0.0,0.0,0.0,0.0,0.0,0.0,0.0,0.007042253521126761,0.0,0.0,0.0,0.0,0.0,0.0,0.0,0.0,0.0,0.0,0.0,0.0,0.0,0.014084507042253518,0.0,0.0,0.0,0.0,0.0,0.0,0.0,0.0,0.0,0.0,0.0,0.0,0.0,0.0,0.0,0.0,0.0,0.0,0.014084507042253518,0.0,0.014084507042253518,0.0,0.0,0.007042253521126761,0.0,0.0,0.0,0.0,0.007042253521126761,0.0,0.0,0.0,0.0,0.0,0.0,0.0,0.014084507042253518,0.0,0.0,0.0,0.0,0.0,0.0,0.0,0.0,0.0,0.0,0.0,0.0,0.0,0.007042253521126761,0.0,0.0,0.0,0.0,0.0,0.0,0.0,0.0,0.0,0.0,0.0,0.0,0.0,0.0,0.0,0.0,0.0,0.0,0.0,0.0,0.0,0.0,0.0,0.0,0.0,0.014084507042253518,0.0,0.0,0.02112676056338028,0.007042253521126761,0.0,0.007042253521126761,0.007042253521126761,0.0,0.0,0.0,0.0,0.0,0.04929577464788732,0.0,0.0,0.0,0.0,0.0,0.014084507042253518,3,0,0.15462068281945834,0.0,0.6313333333333333,0.0,4,0.26599765036556244,0.5435000000000001,41,5,0,0,0,0,1,5,0,0,2,0,0,0,2,0,0,0,0,0,25,11,10,12,2,2,2,2,0,2,1,3,10,7,145,18.125,14.827655748634035,898,112.25,93.65061398624144,1
m12,5,31,0.0,0.0024271844660194173,0.0024271844660194173,0.0024271844660194173,0.0,0.0072815533980582535,0.0024271844660194173,0.0,0.0048543689320388345,0.0048543689320388345,0.0,0.0,0.0,0.0,0.0,0.012135922330097087,0.0024271844660194173,0.0,0.0,0.0,0.0,0.0024271844660194173,0.0,0.0,0.0048543689320388345,0.0,0.0024271844660194173,0.0,0.0048543689320388345,0.0,0.009708737864077669,0.0,0.0,0.0,0.0024271844660194173,0.0024271844660194173,0.0024271844660194173,0.0,0.0,0.0072815533980582535,0.0024271844660194173,0.0,0.0,0.0,0.0,0.0,0.0024271844660194173,0.0,0.0,0.0072815533980582535,0.0024271844660194173,0.0024271844660194173,0.0,0.0,0.0072815533980582535,0.0,0.0,0.0,0.0,0.0,0.0024271844660194173,0.0,0.0,0.0024271844660194173,0.0,0.0,0.0,0.0,0.0024271844660194173,0.0,0.0024271844660194173,0.0,0.0,0.0,0.0,0.0048543689320388345,0.0024271844660194173,0.0,0.0,0.0,0.0,0.0,0.0024271844660194173,0.0,0.0024271844660194173,0.0024271844660194173,0.0,0.0024271844660194173,0.0,0.014563106796116504,0.0072815533980582535,0.0,0.0,0.0,0.0,0.0,0.0072815533980582535,0.0,0.012135922330097087,0.0048543689320388345,0.0072815533980582535,0.0,0.0,0.0,0.0,0.0024271844660194173,0.0,0.0,0.0,0.0,0.0,0.0024271844660194173,0.0024271844660194173,0.0,0.0024271844660194173,0.0,0.0,0.0,0.0,0.009708737864077669,0.0048543689320388345,0.0,0.0024271844660194173,0.0,0.0,0.0,0.0024271844660194173,0.0,0.0024271844660194173,0.0048543689320388345,0.0,0.0,0.0,0.0024271844660194173,0.0024271844660194173,0.0024271844660194173,0.0,0.0,0.0,0.0024271844660194173,0.0072815533980582535,0.0,0.0024271844660194173,0.0024271844660194173,0.0,0.0,0.0,0.012135922330097087,0.0,0.0024271844660194173,0.0,0.0,0.0,0.0,0.0,0.0072815533980582535,0.0024271844660194173,0.0048543689320388345,0.0024271844660194173,0.0024271844660194173,0.0,0.0,0.0024271844660194173,0.0,0.0,0.0,0.0,0.0,0.014563106796116504,0.0,0.0,0.0,0.0,0.014563106796116504,0.0,0.0,0.0,0.0,0.0048543689320388345,0.0,0.0,0.0,0.0,0.0024271844660194173,0.0,0.009708737864077669,0.0,0.0024271844660194173,0.0072815533980582535,0.0048543689320388345,0.0024271844660194173,0.0,0.0024271844660194173,0.0024271844660194173,0.0,9,3,0.1678175286079892,0.13816477906050986,0.3782407407407408,-0.1805555555555555,12,0.28014347563528064,0.5212962962962964,23,33,4,0,0,0,28,9,0,4,3,2,1,10,33,1,0,0,0,0,51,79,16,15,3,16,21,10,2,11,1,0,39,16,449,14.483870967741936,16.152241365972742,2090,67.41935483870968,79.24025296467917,0
m9014,1,13,0.008403361344537815,0.0,0.0,0.01680672268907563,0.0,0.0,0.008403361344537815,0.0,0.0,0.0,0.0,0.0,0.0,0.0,0.0,0.008403361344537815,0.008403361344537815,0.0,0.0,0.0,0.0,0.0,0.0,0.008403361344537815,0.0,0.0,0.0,0.0,0.0,0.0,0.0,0.0,0.0,0.008403361344537815,0.008403361344537815,0.0,0.0,0.0,0.0,0.0,0.01680672268907563,0.0,0.0,0.0,0.0,0.0,0.0,0.0,0.0,0.0,0.0,0.008403361344537815,0.0,0.0,0.0,0.0,0.0,0.0,0.0,0.0,0.0,0.0,0.0,0.0,0.0,0.0,0.0,0.0,0.0,0.0,0.0,0.0,0.0,0.0,0.0,0.0,0.008403361344537815,0.0,0.0,0.0,0.0,0.0,0.0,0.008403361344537815,0.0,0.0,0.0,0.0,0.0,0.0,0.0,0.0,0.0,0.0,0.0,0.0,0.0,0.0,0.025210084033613446,0.008403361344537815,0.0,0.0,0.008403361344537815,0.0,0.0,0.01680672268907563,0.0,0.008403361344537815,0.0,0.0,0.008403361344537815,0.0,0.0,0.0,0.0,0.0,0.0,0.008403361344537815,0.0,0.008403361344537815,0.008403361344537815,0.0,0.0,0.0,0.008403361344537815,0.0,0.0,0.0,0.008403361344537815,0.0,0.0,0.0,0.0,0.0,0.0,0.008403361344537815,0.0,0.0,0.0,0.0,0.0,0.0,0.0,0.008403361344537815,0.0,0.0,0.0,0.0,0.0,0.01680672268907563,0.0,0.0,0.0,0.0,0.0,0.0,0.0,0.0,0.0,0.0,0.0,0.0,0.0,0.0,0.0,0.0,0.0,0.0,0.0,0.0,0.0,0.0,0.0,0.0,0.008403361344537815,0.025210084033613446,0.0,0.0,0.01680672268907563,0.008403361344537815,0.0,0.0,0.0,0.0,0.0,0.0,0.0,0.0,0.0,0.0,0.0,0.0,0.01680672268907563,0.0,0.09243697478991596,5,0,0.23323807579381206,0.0,0.54,0.0,5,0.19595917942265426,0.5599999999999999,11,7,0,0,0,0,5,6,0,1,1,1,0,1,11,1,0,0,0,0,16,11,5,4,5,5,13,2,1,0,1,0,10,1,130,10.0,4.819830830098628,587,45.153846153846146,22.387655093638454,0
m4435,2,7,0.0,0.02586206896551724,0.0,0.0,0.008620689655172414,0.0,0.0,0.0,0.0,0.0,0.0,0.0,0.008620689655172414,0.0,0.0,0.008620689655172414,0.008620689655172414,0.0,0.008620689655172414,0.0,0.0,0.0,0.0,0.008620689655172414,0.0,0.0,0.0,0.0,0.0,0.008620689655172414,0.0,0.0,0.0,0.008620689655172414,0.0,0.0,0.0,0.0,0.008620689655172414,0.0,0.0,0.008620689655172414,0.0,0.0,0.0,0.0,0.0,0.0,0.0,0.0,0.0,0.008620689655172414,0.0,0.0,0.0,0.0,0.0,0.0,0.0,0.0,0.008620689655172414,0.0,0.0,0.0,0.0,0.0,0.0,0.0,0.008620689655172414,0.0,0.0,0.0,0.008620689655172414,0.0,0.008620689655172414,0.0,0.0,0.0,0.0,0.0,0.0,0.0,0.0,0.0,0.008620689655172414,0.0,0.0,0.008620689655172414,0.0,0.0,0.0,0.008620689655172414,0.0,0.0,0.0,0.0,0.0,0.0,0.008620689655172414,0.008620689655172414,0.008620689655172414,0.0,0.0,0.0,0.0,0.0,0.0,0.0,0.0,0.0,0.0,0.0,0.0,0.0,0.0,0.0,0.0,0.02586206896551724,0.008620689655172414,0.008620689655172414,0.008620689655172414,0.0,0.0,0.0,0.0,0.0,0.008620689655172414,0.0,0.0,0.0,0.0,0.0,0.0,0.03448275862068965,0.0,0.0,0.0,0.0,0.0,0.0,0.0,0.0,0.0,0.008620689655172414,0.0,0.0,0.0,0.0,0.0,0.0,0.0,0.0,0.0,0.0,0.0,0.0,0.008620689655172414,0.0,0.0,0.008620689655172414,0.008620689655172414,0.0,0.008620689655172414,0.0,0.0,0.0,0.0,0.0,0.0,0.008620689655172414,0.0,0.0,0.0,0.0,0.0,0.0,0.0,0.0,0.008620689655172414,0.008620689655172414,0.0,0.0,0.0,0.0,0.0,0.0,0.0,0.0,0.0,0.0,0.0,0.0,0.008620689655172414,0.0,0.0,5,0,0.16015181686276447,0.0,0.5068666666666667,0.0,6,0.19390862682087034,0.5863333333333333,5,5,0,0,0,1,1,5,0,1,3,0,2,2,6,0,0,1,0,0,18,13,8,12,1,5,4,3,0,5,0,0,13,2,124,17.714285714285715,23.626342959346317,584,83.42857142857143,110.3783844559343,0
m5666,1,8,0.0,0.0,0.0,0.0,0.0,0.02531645569620253,0.0,0.0,0.0,0.0,0.0,0.0,0.0,0.0,0.0,0.012658227848101266,0.0,0.0,0.0,0.0,0.0,0.0,0.0,0.0,0.0,0.0,0.0,0.0,0.0,0.0,0.0,0.0,0.0,0.0,0.0,0.0,0.0,0.0,0.0,0.0,0.0,0.0,0.0,0.0,0.0,0.0,0.0,0.0,0.0,0.0,0.0,0.0,0.0,0.012658227848101266,0.02531645569620253,0.0,0.0,0.0,0.0,0.0,0.012658227848101266,0.0,0.0,0.0,0.0,0.0,0.0,0.0,0.012658227848101266,0.0,0.0,0.0,0.0,0.0,0.0,0.0,0.0,0.0,0.0,0.0,0.012658227848101266,0.0,0.0,0.0,0.0,0.0,0.0,0.0,0.0,0.012658227848101266,0.0,0.0,0.0,0.0,0.0,0.0,0.0,0.0,0.012658227848101266,0.0,0.0,0.0,0.0,0.0,0.0,0.0,0.0,0.0,0.0,0.0,0.0,0.0,0.0,0.0,0.0,0.0,0.0,0.0,0.0,0.0,0.0,0.0,0.0,0.0,0.0,0.0,0.0,0.0,0.0,0.0,0.0,0.0,0.0,0.0,0.0,0.0,0.0,0.0,0.0,0.0,0.0,0.0,0.0,0.0,0.0,0.0,0.0,0.0,0.0,0.0,0.0,0.0,0.0,0.0,0.0,0.0,0.0,0.0,0.0,0.0,0.0,0.0,0.012658227848101266,0.0,0.0,0.0,0.0,0.0,0.0,0.0,0.0,0.0,0.0,0.02531645569620253,0.0,0.0379746835443038,0.0,0.0,0.0,0.0,0.0,0.0,0.0,0.0,0.0,0.0,0.0,0.0,0.0,0.0,0.0,0.0,0.0,0.0,0.06329113924050632,2,2,0.07500000000000001,0.08125,0.575,-0.23125,4,0.12850553246845056,0.659375,3,5,0,0,0,1,5,2,0,1,2,0,0,2,6,0,0,0,1,0,15,11,4,3,1,3,4,0,0,0,1,0,6,3,80,10.0,7.035623639735143,359,44.875,28.980327379103226,0
e3702,2,3,0.0,0.1176470588235294,0.0,0.0,0.0,0.0,0.0,0.0,0.0,0.0,0.0,0.0,0.0,0.0,0.0,0.0,0.05882352941176471,0.0,0.0,0.0,0.0,0.0,0.0,0.0,0.0,0.0,0.0,0.0,0.0,0.0,0.0,0.0,0.0,0.05882352941176471,0.0,0.0,0.0,0.05882352941176471,0.0,0.0,0.0,0.05882352941176471,0.0,0.0,0.0,0.0,0.0,0.0,0.0,0.17647058823529413,0.0,0.0,0.0,0.0,0.0,0.0,0.0,0.0,0.0,0.0,0.0,0.0,0.0,0.0,0.0,0.0,0.0,0.0,0.1176470588235294,0.0,0.0,0.0,0.0,0.0,0.0,0.0,0.0,0.0,0.0,0.0,0.0,0.0,0.0,0.0,0.0,0.0,0.0,0.0,0.0,0.0,0.1176470588235294,0.0,0.0,0.0,0.05882352941176471,0.05882352941176471,0.0,0.05882352941176471,0.0,0.0,0.0,0.0,0.0,0.0,0.0,0.0,0.0,0.0,0.0,0.0,0.0,0.0,0.0,0.0,0.0,0.0,0.0,0.0,0.0,0.0,0.0,0.0,0.0,0.0,0.0,0.05882352941176471,0.0,0.0,0.0,0.0,0.05882352941176471,0.0,0.05882352941176471,0.05882352941176471,0.0,0.0,0.0,0.0,0.0,0.0,0.0,0.0,0.0,0.0,0.0,0.0,0.0,0.0,0.0,0.0,0.0,0.0,0.0,0.0,0.0,0.0,0.1176470588235294,0.0,0.0,0.0,0.0,0.0,0.0,0.0,0.0,0.0,0.0,0.0,0.0,0.0,0.0,0.0,0.0,0.0,0.0,0.1176470588235294,0.0,0.0,0.0,0.0,0.0,0.0,0.0,0.0,0.0,0.0,0.0,0.05882352941176471,0.0,0.0,0.0,0.0,0.0,0.0,0.0,1,0,0.0,0.0,0.5,0.0,1,0.0,0.8888888888888888,2,1,0,0,0,0,0,1,0,0,0,0,0,0,2,0,0,0,0,0,2,2,1,0,1,3,0,1,0,0,0,0,1,1,17,5.666666666666668,3.39934634239519,85,28.33333333333333,19.22382780706162,0
m1506,1,2,0.0,0.0,0.0,0.0,0.0,0.0,0.0,0.0,0.0,0.0,0.0,0.0,0.0,0.0,0.0,0.0,0.04,0.0,0.0,0.0,0.0,0.0,0.0,0.0,0.0,0.0,0.0,0.0,0.0,0.0,0.0,0.0,0.0,0.0,0.0,0.0,0.0,0.0,0.0,0.0,0.0,0.0,0.0,0.0,0.0,0.0,0.0,0.0,0.0,0.0,0.0,0.0,0.0,0.0,0.0,0.0,0.0,0.0,0.0,0.0,0.0,0.0,0.0,0.0,0.0,0.0,0.0,0.0,0.0,0.0,0.0,0.0,0.0,0.0,0.0,0.0,0.0,0.0,0.0,0.0,0.0,0.0,0.0,0.0,0.0,0.0,0.0,0.0,0.0,0.0,0.0,0.0,0.0,0.0,0.0,0.0,0.0,0.0,0.0,0.0,0.0,0.0,0.0,0.0,0.0,0.0,0.0,0.0,0.0,0.0,0.0,0.0,0.0,0.0,0.0,0.0,0.0,0.0,0.0,0.0,0.0,0.0,0.0,0.0,0.0,0.0,0.0,0.0,0.0,0.0,0.0,0.0,0.0,0.0,0.0,0.0,0.0,0.0,0.0,0.0,0.0,0.0,0.0,0.04,0.0,0.0,0.0,0.0,0.0,0.0,0.0,0.0,0.0,0.0,0.0,0.0,0.0,0.0,0.0,0.0,0.0,0.0,0.0,0.0,0.0,0.0,0.0,0.0,0.0,0.0,0.0,0.0,0.0,0.0,0.0,0.0,0.0,0.0,0.0,0.0,0.0,0.0,0.0,0.0,0.0,0.0,0.0,0.0,0.0,0.0,0.0,0.0,0.0,0.0,0.0,1,0,0.0,0.0,0.2,0.0,1,0.0,0.5,0,0,0,0,0,0,0,1,0,0,0,0,0,0,0,0,0,0,0,0,18,0,1,5,0,0,0,0,0,0,0,0,0,1,26,13.0,4.0,179,89.5,33.5,0
m6499,5,13,0.0,0.0,0.0,0.0,0.008333333333333333,0.016666666666666666,0.016666666666666666,0.0,0.0,0.008333333333333333,0.008333333333333333,0.0,0.0,0.0,0.0,0.016666666666666666,0.0,0.0,0.0,0.0,0.0,0.0,0.0,0.0,0.0,0.0,0.0,0.0,0.0,0.008333333333333333,0.0,0.0,0.0,0.0,0.0,0.0,0.0,0.0,0.0,0.016666666666666666,0.0,0.0,0.0,0.008333333333333333,0.0,0.0,0.0,0.0,0.0,0.0,0.0,0.03333333333333333,0.0,0.0,0.008333333333333333,0.0,0.0,0.0,0.008333333333333333,0.0,0.0,0.008333333333333333,0.0,0.008333333333333333,0.0,0.008333333333333333,0.0,0.0,0.0,0.0,0.0,0.0,0.0,0.0,0.0,0.008333333333333333,0.0,0.0,0.0,0.0,0.0,0.0,0.0,0.0,0.0,0.0,0.008333333333333333,0.016666666666666666,0.008333333333333333,0.0,0.0,0.0,0.0,0.0,0.0,0.0,0.025,0.0,0.008333333333333333,0.0,0.0,0.0,0.0,0.0,0.0,0.0,0.0,0.0,0.0,0.0,0.0,0.0,0.0,0.008333333333333333,0.0,0.0,0.0,0.008333333333333333,0.0,0.025,0.008333333333333333,0.0,0.008333333333333333,0.0,0.0,0.0,0.0,0.0,0.0,0.0,0.0,0.0,0.0,0.0,0.0,0.0,0.0,0.0,0.0,0.0,0.008333333333333333,0.0,0.025,0.0,0.0,0.0,0.0,0.0,0.0,0.0,0.0,0.0,0.0,0.0,0.008333333333333333,0.0,0.0,0.0,0.0,0.0,0.0,0.0,0.016666666666666666,0.0,0.0,0.0,0.0,0.0,0.0,0.0,0.0,0.0,0.0,0.016666666666666666,0.008333333333333333,0.0,0.0,0.0,0.025,0.0,0.0,0.008333333333333333,0.016666666666666666,0.0,0.0,0.016666666666666666,0.0,0.0,0.0,0.0,0.0,0.0,0.04166666666666666,0.0,0.04166666666666666,6,2,0.3262606130907024,0.1875,0.6005555555555556,-0.3125,8,0.2172443221032741,0.6510416666666666,7,11,0,0,1,0,3,6,0,2,4,1,0,3,11,0,0,0,0,0,23,19,9,6,2,2,8,3,0,3,2,0,7,0,123,9.461538461538463,8.705571908181605,787,60.53846153846154,46.668413604946615,2
m4368,5,5,0.0,0.0,0.0,0.0,0.029411764705882356,0.0,0.0,0.0,0.0,0.0,0.0,0.0,0.0,0.0,0.0,0.0,0.0,0.0,0.0,0.0,0.0,0.029411764705882356,0.0,0.0,0.0,0.0,0.0,0.0,0.0,0.0,0.0,0.0,0.0,0.0,0.0,0.029411764705882356,0.0,0.0,0.0,0.0,0.0,0.0,0.0,0.0,0.0,0.0,0.0,0.0,0.0,0.0,0.029411764705882356,0.0,0.0,0.0,0.0,0.0,0.0,0.0,0.0,0.0,0.0,0.0,0.0,0.0,0.0,0.0,0.0,0.0,0.0,0.0,0.029411764705882356,0.0,0.0,0.0,0.029411764705882356,0.0,0.0,0.029411764705882356,0.0,0.0,0.0,0.0,0.0,0.0,0.0,0.0,0.0,0.0,0.029411764705882356,0.0,0.0,0.0,0.0,0.0,0.0,0.0,0.0,0.0,0.0,0.0,0.0,0.0,0.0,0.0,0.0,0.0,0.0,0.0,0.0,0.0,0.0,0.0,0.0,0.0,0.0,0.0,0.0,0.05882352941176471,0.0,0.0,0.0,0.0,0.0,0.0,0.0,0.0,0.0,0.0,0.0,0.0,0.0,0.0,0.029411764705882356,0.029411764705882356,0.0,0.0,0.0,0.0,0.0,0.0,0.0,0.0,0.0,0.0,0.0,0.0,0.0,0.0,0.0,0.0,0.0,0.0,0.0,0.0,0.0,0.0,0.0,0.0,0.0,0.0,0.0,0.0,0.0,0.0,0.0,0.0,0.0,0.0,0.0,0.0,0.0,0.0,0.0,0.0,0.0,0.0,0.0,0.0,0.0,0.0,0.0,0.0,0.0,0.0,0.0,0.0,0.0,0.0,0.0,0.0,0.0,0.0,0.0,0.0,0.0,0,0,0.0,0.0,0.0,0.0,0,0.0,0.0,6,2,0,1,0,0,0,1,0,0,0,0,0,0,4,0,0,0,0,0,4,3,1,0,1,3,3,1,0,0,0,0,5,1,36,7.2,6.241794613730893,181,36.2,35.840758920536274,0
m8131,1,1,0.0,0.0,0.0,0.0,0.0,0.0,0.0,0.0,0.0,0.0,0.0,0.0,0.0,0.0,0.0,0.0,0.0,0.0,0.0,0.0,0.0,0.0,0.0,0.0,0.0,0.0,0.0,0.0,0.0,0.0,0.0,0.0,0.0,0.0,0.0,0.0,0.0,0.0,0.0,0.0,0.0,0.0,0.0,0.0,0.0,0.0,0.0,0.0,0.0,0.0,0.0,0.0,0.0,0.0,0.0,0.0,0.0,0.0,0.0,0.0,0.0,0.0,0.0,0.0,0.0,0.0,0.0,0.0,0.0,0.0,0.0,0.0,0.0,0.0,0.0,0.0,0.0,0.0,0.0,0.0,0.0,0.0,0.0,0.0,0.0,0.0,0.0,0.0,0.0,0.0,0.0,0.0,0.0,0.0,0.0,0.0,0.0,0.0,0.0,0.0,0.0,0.0,0.0,0.0,0.0,0.0,0.0,0.0,0.0,0.0,0.0,0.0,0.0,0.0,0.0,0.0,0.0,0.0,0.0,0.0,0.0,0.0,0.0,0.0,0.0,0.0,0.0,0.0,0.0,0.0,0.0,0.0,0.0,0.0,0.0,0.0,0.0,0.0,0.0,0.0,0.0,0.0,0.0,0.0,0.0,0.0,0.0,0.0,0.0,0.0,0.0,0.0,0.0,0.0,0.0,0.0,0.0,0.0,0.0,0.0,0.0,0.0,0.0,0.0,0.0,0.0,0.0,0.0,0.0,0.0,0.0,0.0,0.0,0.0,0.0,0.0,0.0,0.0,0.0,0.0,0.0,0.0,0.0,0.0,0.0,0.0,0.0,0.0,0.0,0.0,0.0,0.0,0.0,0.0,0.0,0,0,0.0,0.0,0.0,0.0,0,0.0,0.0,0,1,0,0,0,0,0,0,0,0,1,0,0,0,0,0,0,0,0,0,1,2,2,0,0,0,0,0,0,0,0,0,0,0,7,7.0,0.0,32,32.0,0.0,3
e5417,1,1,0.0,0.0,0.0,0.0,0.0,0.0,0.0,0.0,0.0,0.0,0.0,0.0,0.0,0.0,0.0,0.0,0.0,0.0,0.0,0.0,0.0,0.0,0.0,0.0,0.0,0.0,0.0,0.0,0.0,0.0,0.0,0.0,0.0,0.0,0.0,0.0,0.0,0.0,0.0,0.0,0.0,0.0,0.0,0.0,0.0,0.0,0.0,0.0,0.0,0.0,0.0,0.0,0.0,0.0,0.0,0.0,0.0,0.0,0.0,0.0,0.0,0.0,0.0,0.0,0.0,0.0,0.0,0.0,0.0,0.0,0.0,0.0,0.0,0.0,0.0,0.0,0.0,0.0,0.0,0.0,0.0,0.0,0.0,0.0,0.0,0.0,0.0,0.0,0.0,0.0,0.0,0.0,0.0,0.0,0.0,0.0,0.0,0.0,0.16666666666666666,0.16666666666666666,0.0,0.0,0.0,0.0,0.0,0.0,0.0,0.0,0.0,0.0,0.0,0.0,0.0,0.0,0.0,0.0,0.0,0.0,0.0,0.16666666666666666,0.16666666666666666,0.0,0.0,0.0,0.0,0.0,0.16666666666666666,0.0,0.0,0.0,0.0,0.0,0.0,0.0,0.0,0.0,0.0,0.0,0.0,0.0,0.0,0.0,0.0,0.0,0.0,0.0,0.0,0.0,0.0,0.0,0.0,0.0,0.0,0.0,0.0,0.0,0.0,0.0,0.0,0.0,0.0,0.0,0.0,0.0,0.0,0.0,0.0,0.0,0.0,0.0,0.0,0.0,0.0,0.0,0.0,0.0,0.0,0.0,0.0,0.0,0.0,0.0,0.0,0.0,0.0,0.0,0.0,0.0,0.0,0.0,0.0,0.0,0.0,0.0,0.0,0,0,0.0,0.0,0.0,0.0,0,0.0,0.0,0,0,0,0,0,0,0,0,0,0,1,0,0,0,0,0,0,0,0,0,2,0,0,0,0,0,1,0,0,0,0,0,1,1,6,6.0,0.0,22,22.0,0.0,0
m9019,2,6,0.0,0.0,0.0,0.0,0.0,0.0,0.0,0.05882352941176471,0.0,0.0,0.0,0.0,0.0,0.0,0.0,0.0,0.0,0.0,0.0,0.0,0.0,0.0,0.0,0.0,0.0,0.05882352941176471,0.0,0.0,0.0,0.0,0.0,0.0,0.0,0.0,0.0,0.0,0.0,0.0,0.0,0.0,0.0,0.0,0.0,0.0,0.0,0.0,0.0,0.0,0.0,0.0,0.0,0.0,0.0,0.0,0.0,0.0,0.0,0.0,0.0,0.0,0.0,0.0,0.0,0.0,0.0,0.0,0.0,0.0,0.0,0.0,0.0,0.0,0.0,0.0,0.0,0.0,0.0,0.0,0.0,0.0,0.0,0.0,0.0,0.0,0.0,0.0,0.0,0.0,0.0,0.0,0.0,0.0,0.0,0.0,0.0,0.0,0.0,0.0,0.0,0.0,0.0,0.0,0.0,0.0,0.0,0.0,0.0,0.0,0.0,0.0,0.0,0.0,0.0,0.0,0.0,0.0,0.0,0.05882352941176471,0.0,0.0,0.0,0.0,0.0,0.0,0.0,0.0,0.05882352941176471,0.0,0.0,0.0,0.0,0.0,0.0,0.0,0.0,0.0,0.0,0.0,0.0,0.0,0.0,0.0,0.0,0.0,0.0,0.0,0.0,0.0,0.0,0.0,0.0,0.05882352941176471,0.0,0.0,0.0,0.0,0.0,0.0,0.05882352941176471,0.0,0.0,0.0,0.0,0.0,0.0,0.0,0.0,0.05882352941176471,0.0,0.05882352941176471,0.0,0.0,0.0,0.0,0.0,0.0,0.0,0.05882352941176471,0.0,0.0,0.0,0.0,0.0,0.0,0.0,0.0,0.0,0.0,0.0,0.0,0.0,0.0,0.0,0.0,0.0,3,0,0.04714045207910316,0.0,0.6333333333333333,0.0,3,0.1779513042005218,0.85,7,0,0,0,0,0,0,0,0,0,0,0,0,1,1,0,0,0,0,0,3,0,0,1,0,1,0,0,0,0,0,0,0,3,17,2.833333333333333,2.3392781412697,87,14.5,10.626225419530053,1
m7123,3,4,0.0,0.0,0.0,0.0,0.0,0.0,0.0,0.0,0.0,0.0,0.0,0.0,0.0,0.0,0.0,0.0,0.0,0.0,0.0,0.0,0.0,0.0,0.0,0.0,0.0,0.0,0.0,0.0,0.029411764705882356,0.0,0.0,0.0,0.0,0.0,0.0,0.0,0.0,0.0,0.0,0.0,0.0,0.0,0.0,0.0,0.0,0.0,0.0,0.0,0.0,0.0,0.0,0.0,0.0,0.0,0.0,0.0,0.0,0.0,0.0,0.0,0.0,0.0,0.0,0.0,0.029411764705882356,0.0,0.0,0.0,0.0,0.0,0.0,0.0,0.0,0.0,0.0,0.0,0.0,0.029411764705882356,0.0,0.0,0.0,0.0,0.0,0.0,0.0,0.0,0.0,0.0,0.0,0.0,0.0,0.0,0.0,0.0,0.0,0.0,0.0,0.0,0.0,0.0,0.0,0.0,0.0,0.0,0.0,0.0,0.0,0.0,0.0,0.0,0.0,0.0,0.0,0.0,0.0,0.0,0.0,0.0,0.0,0.0,0.0,0.0,0.0,0.0,0.0,0.0,0.0,0.0,0.0,0.0,0.0,0.0,0.0,0.0,0.0,0.029411764705882356,0.0,0.0,0.0,0.0,0.0,0.0,0.0,0.0,0.0,0.0,0.0,0.0,0.0,0.0,0.0,0.0,0.0,0.0,0.0,0.0,0.0,0.0,0.0,0.0,0.0,0.029411764705882356,0.0,0.0,0.0,0.0,0.0,0.0,0.0,0.0,0.0,0.0,0.0,0.0,0.0,0.0,0.0,0.0,0.0,0.0,0.0,0.0,0.0,0.0,0.0,0.0,0.0,0.0,0.0,0.0,0.0,0.0,0.0,0.0,0.029411764705882356,0,1,0.0,0.0,0.0,-0.6,1,0.0,0.95,0,2,0,0,0,0,0,0,0,0,0,0,0,0,0,0,0,0,0,0,31,0,0,4,0,0,0,0,0,0,0,0,0,1,34,8.5,9.630680142129114,191,47.75,59.326954245098406,2
m9928,2,2,0.0,0.0,0.0,0.0,0.0,0.0,0.0,0.0,0.0,0.0,0.0,0.0,0.0,0.0,0.0,0.0,0.0,0.0,0.0,0.0,0.0,0.0,0.0,0.0,0.0,0.0,0.0,0.0,0.0,0.0,0.0,0.0,0.0,0.0,0.0,0.0,0.0,0.0,0.0,0.0,0.0,0.0,0.0,0.0,0.0,0.0,0.0,0.0,0.0,0.0,0.0,0.0,0.0,0.0,0.0,0.0,0.0,0.0,0.0,0.0,0.0,0.0,0.0,0.0,0.0,0.0,0.0,0.0,0.0,0.0,0.0,0.0,0.0,0.0,0.0,0.0,0.0,0.0,0.0,0.0,0.0,0.0,0.0,0.0,0.0,0.0,0.0,0.0,0.0,0.0,0.0,0.0,0.0,0.0,0.0,0.0,0.0,0.0,0.0,0.0,0.0,0.0,0.0,0.0,0.0,0.0,0.0,0.0,0.0,0.0,0.0,0.0,0.0,0.0,0.0,0.0,0.0,0.0,0.0,0.0,0.0,0.0,0.0,0.0,0.0,0.0,0.0,0.0,0.0,0.0,0.0,0.0,0.0,0.0,0.0,0.0,0.0,0.0,0.0,0.0,0.0,0.0,0.0,0.0,0.0,0.0,0.0,0.0,0.0,0.0,0.0,0.0,0.0,0.0,0.0,0.0,0.0,0.0,0.0,0.0,0.0,0.0,0.0,0.0,0.0,0.0,0.0,0.0,0.0,0.0,0.0,0.0,0.0,0.0,0.0,0.0,0.0,0.0,0.0,0.0,0.0,0.0,0.0,0.0,0.0,0.0,0.0,0.0,0.0,0.0,0.0,0.0,0.0,0.0,0.0,1,0,0.0,0.0,0.10000000000000002,0.0,1,0.0,0.3833333333333333,3,0,0,0,0,0,0,0,0,0,0,0,0,0,0,0,0,0,0,0,15,0,0,2,0,0,0,0,0,0,0,0,1,9,18,9.0,7.0,254,127.0,22.0,2
m3616,3,26,0.0,0.0011834319526627221,0.0023668639053254443,0.0011834319526627221,0.007100591715976331,0.010650887573964495,0.01893491124260355,0.009467455621301777,0.0023668639053254443,0.0023668639053254443,0.0,0.0,0.0047337278106508885,0.0,0.0,0.0047337278106508885,0.0047337278106508885,0.0,0.0011834319526627221,0.0,0.0,0.01301775147928994,0.0,0.0011834319526627221,0.0,0.0,0.0011834319526627221,0.010650887573964495,0.0,0.0,0.01183431952662722,0.0011834319526627221,0.0,0.0,0.0035502958579881646,0.0011834319526627221,0.0,0.0,0.0,0.009467455621301777,0.0,0.0,0.0,0.01183431952662722,0.0,0.0,0.0,0.0,0.0,0.0,0.0023668639053254443,0.0023668639053254443,0.0,0.0,0.0047337278106508885,0.0,0.0,0.008284023668639055,0.0,0.0,0.014201183431952662,0.0011834319526627221,0.0,0.0,0.0,0.0,0.0,0.0011834319526627221,0.0011834319526627221,0.0,0.0,0.0,0.0,0.0,0.0023668639053254443,0.005917159763313609,0.0011834319526627221,0.0,0.0,0.0,0.0,0.0,0.0011834319526627221,0.0011834319526627221,0.008284023668639055,0.0,0.0,0.005917159763313609,0.0,0.0023668639053254443,0.0,0.0,0.0,0.0,0.0,0.0,0.0011834319526627221,0.0,0.010650887573964495,0.0035502958579881646,0.0011834319526627221,0.0011834319526627221,0.005917159763313609,0.0,0.0,0.007100591715976331,0.0,0.0,0.0,0.0,0.0,0.0,0.0,0.0011834319526627221,0.0,0.0,0.0,0.008284023668639055,0.0,0.005917159763313609,0.008284023668639055,0.0,0.0,0.0,0.0,0.0,0.015384615384615384,0.0,0.0011834319526627221,0.015384615384615384,0.0,0.0,0.0,0.01301775147928994,0.0,0.0,0.0,0.0,0.009467455621301777,0.0,0.0,0.0,0.0011834319526627221,0.0,0.0,0.0023668639053254443,0.0011834319526627221,0.008284023668639055,0.009467455621301777,0.0,0.008284023668639055,0.0,0.0,0.0,0.0011834319526627221,0.0011834319526627221,0.0,0.0,0.0035502958579881646,0.0,0.0035502958579881646,0.0,0.010650887573964495,0.0,0.0,0.0,0.0,0.0,0.01301775147928994,0.0047337278106508885,0.0,0.0,0.0,0.01893491124260355,0.0,0.010650887573964495,0.0,0.0,0.0023668639053254443,0.0,0.0011834319526627221,0.0,0.0,0.0,0.0,0.005917159763313609,0.0,0.0,0.014201183431952662,0.0,0.0,0.0,0.0023668639053254443,0.0,0.02366863905325444,15,3,0.2976636104073344,0.2287689309443748,0.3948453989297739,-0.2565277777777778,20,0.1516480123727191,0.5982213864838865,42,82,15,0,5,2,31,13,0,2,11,2,1,27,62,2,1,0,1,0,112,97,29,58,30,36,51,18,4,27,19,1,96,9,855,32.884615384615394,29.192104995749112,4203,161.65384615384616,145.0866961795051,1
m9074,2,5,0.0,0.0,0.0,0.0,0.0,0.018518518518518517,0.0,0.018518518518518517,0.0,0.0,0.0,0.0,0.0,0.0,0.0,0.018518518518518517,0.0,0.0,0.0,0.0,0.0,0.018518518518518517,0.0,0.0,0.0,0.0,0.0,0.0,0.0,0.0,0.0,0.0,0.0,0.0,0.0,0.0,0.0,0.0,0.0,0.0,0.0,0.0,0.0,0.0,0.0,0.0,0.0,0.0,0.0,0.0,0.0,0.018518518518518517,0.0,0.0,0.018518518518518517,0.0,0.0,0.0,0.0,0.0,0.0,0.0,0.0,0.0,0.0,0.0,0.0,0.0,0.0,0.0,0.0,0.0,0.0,0.0,0.0,0.0,0.0,0.0,0.0,0.0,0.0,0.0,0.0,0.0,0.0,0.0,0.0,0.0,0.0,0.0,0.0,0.0,0.0,0.0,0.0,0.0,0.0,0.0,0.0,0.0,0.0,0.0,0.0,0.0,0.0,0.0,0.0,0.0,0.0,0.0,0.0,0.0,0.0,0.0,0.0,0.0,0.0,0.0,0.0,0.0,0.0,0.0,0.0,0.0,0.0,0.0,0.0,0.0,0.0,0.0,0.0,0.0,0.0,0.0,0.0,0.0,0.0,0.0,0.0,0.0,0.0,0.0,0.0,0.0,0.0,0.0,0.0,0.0,0.0,0.0,0.0,0.0,0.0,0.0,0.0,0.0,0.0,0.0,0.0,0.0,0.0,0.0,0.0,0.0,0.0,0.0,0.0,0.0,0.018518518518518517,0.0,0.0,0.0,0.0,0.018518518518518517,0.0,0.0,0.0,0.0,0.0,0.0,0.018518518518518517,0.0,0.0,0.0,0.0,0.0,0.0,0.0,0.0,0.0,0.0,0.0,0.018518518518518517,0.0,0.018518518518518517,3,1,0.3797001741140267,0.0,0.5316666666666667,-0.4047619047619048,4,0.2821971203093404,0.5785119047619047,7,6,0,0,0,0,0,4,0,0,0,1,0,0,3,0,0,0,0,0,4,5,3,5,2,1,3,2,0,0,0,1,9,2,54,10.8,8.471127433818948,325,65.0,49.48939280290272,0
m8338,1,1,0.0,0.0,0.0,0.0,0.0,0.0,0.0,0.0,0.0,0.0,0.0,0.0,0.0,0.0,0.0,0.0,0.0,0.0,0.0,0.0,0.0,0.0,0.0,0.0,0.0,0.0,0.0,0.0,0.0,0.0,0.0,0.0,0.0,0.0,0.0,0.0,0.0,0.0,0.0,0.0,0.0,0.0,0.0,0.0,0.0,0.0,0.0,0.0,0.0,0.0,0.0,0.0,0.0,0.0,0.0,0.0,0.0,0.0,0.0,0.0,0.0,0.0,0.0,0.0,0.0,0.0,0.0,0.0,0.0,0.0,0.0,0.0,0.0,0.0,0.0,0.0,0.0,0.0,0.0,0.0,0.0,0.0,0.0,0.0,0.0,0.0,0.0,0.0,0.0,0.0,0.0,0.0,0.0,0.0,0.0,0.0,0.0,0.0,0.0,0.0,0.0,0.0,0.0,0.0,0.0,0.0,0.0,0.0,0.0,0.0,0.0,0.0,0.0,0.0,0.0,0.0,0.0,0.0,0.0,0.0,0.0,0.0,0.0,0.0,0.0,0.0,0.0,0.0,0.0,0.0,0.0,0.0,0.0,0.0,0.0,0.0,0.0,0.0,0.0,0.0,0.0,0.0,0.0,0.0,0.0,0.0,0.0,0.0,0.0,0.0,0.0,0.0,0.0,0.0,0.0,0.0,0.0,0.0,0.0,0.0,0.0,0.0,0.0,0.0,0.0,0.0,0.0,0.0,0.0,0.0,0.0,0.0,0.0,0.0,0.0,0.0,0.0,0.0,0.0,0.0,0.0,0.0,0.0,0.0,0.0,0.0,0.0,0.0,0.0,0.0,0.0,0.0,0.0,0.0,0.0,0,0,0.0,0.0,0.0,0.0,0,0.0,0.0,0,0,0,0,0,0,0,1,0,0,0,0,0,0,0,0,0,0,0,0,0,0,0,0,0,0,0,0,0,0,0,0,0,0,1,1.0,0.0,7,7.0,0.0,0
m7237,18,137,0.0023668639053254443,0.0023668639053254443,0.0,0.0023668639053254443,0.008284023668639055,0.017751479289940832,0.01183431952662722,0.0,0.008284023668639055,0.0011834319526627221,0.0011834319526627221,0.0,0.0011834319526627221,0.0,0.0,0.01301775147928994,0.0035502958579881646,0.0,0.0035502958579881646,0.0,0.0,0.0,0.0,0.0,0.0,0.0,0.0,0.0,0.005917159763313609,0.0023668639053254443,0.0011834319526627221,0.0,0.0,0.0,0.0023668639053254443,0.0035502958579881646,0.0,0.0011834319526627221,0.0,0.005917159763313609,0.0011834319526627221,0.0023668639053254443,0.0,0.0035502958579881646,0.0,0.0011834319526627221,0.0,0.0,0.0011834319526627221,0.0023668639053254443,0.0023668639053254443,0.0011834319526627221,0.0,0.0023668639053254443,0.01301775147928994,0.0,0.0,0.0,0.0,0.0,0.007100591715976331,0.0,0.0,0.0011834319526627221,0.0023668639053254443,0.0,0.0,0.0035502958579881646,0.0035502958579881646,0.0,0.0,0.0,0.0011834319526627221,0.0,0.0011834319526627221,0.0011834319526627221,0.0,0.0035502958579881646,0.0,0.0,0.0023668639053254443,0.0,0.0023668639053254443,0.0011834319526627221,0.0,0.0,0.0,0.009467455621301777,0.0,0.0011834319526627221,0.0023668639053254443,0.0,0.0,0.0,0.0,0.0,0.0,0.0011834319526627221,0.007100591715976331,0.0035502958579881646,0.0011834319526627221,0.0,0.0011834319526627221,0.007100591715976331,0.0,0.0023668639053254443,0.0,0.0,0.0011834319526627221,0.0,0.0,0.0,0.0,0.0,0.0023668639053254443,0.0,0.0,0.0047337278106508885,0.0,0.009467455621301777,0.0047337278106508885,0.0011834319526627221,0.008284023668639055,0.0,0.0011834319526627221,0.0,0.008284023668639055,0.0011834319526627221,0.0,0.0011834319526627221,0.0011834319526627221,0.0,0.0,0.008284023668639055,0.0,0.0011834319526627221,0.0,0.0,0.0,0.0035502958579881646,0.0011834319526627221,0.0,0.0011834319526627221,0.005917159763313609,0.0,0.0,0.0,0.0011834319526627221,0.0,0.0047337278106508885,0.0,0.0,0.0011834319526627221,0.0035502958579881646,0.0,0.0035502958579881646,0.0023668639053254443,0.0011834319526627221,0.0,0.0,0.0011834319526627221,0.0011834319526627221,0.01301775147928994,0.0,0.0,0.0,0.0011834319526627221,0.0023668639053254443,0.0011834319526627221,0.0,0.0,0.0,0.0011834319526627221,0.0035502958579881646,0.0023668639053254443,0.0047337278106508885,0.0011834319526627221,0.0,0.0035502958579881646,0.0023668639053254443,0.0011834319526627221,0.0,0.0,0.0,0.0,0.005917159763313609,0.0,0.0011834319526627221,0.010650887573964495,0.0,0.0011834319526627221,0.0,0.0047337278106508885,0.0,0.015384615384615384,40,9,0.20637162761864364,0.12018821291372887,0.469716810966811,-0.20802469135802468,50,0.18288159988191052,0.5511906981906981,56,47,14,0,3,2,31,22,0,6,19,14,3,29,55,1,0,0,0,0,127,135,55,39,29,22,53,20,9,16,11,0,70,15,955,6.970802919708028,5.833381918818139,4295,31.350364963503647,29.104290510922514,0
e4894,6,16,0.0,0.0,0.006329113924050633,0.0,0.0,0.0,0.012658227848101266,0.0,0.006329113924050633,0.0,0.0,0.0,0.0,0.0,0.0,0.0,0.006329113924050633,0.0,0.0,0.0,0.0,0.0,0.0,0.0,0.0,0.0,0.0,0.0,0.0,0.006329113924050633,0.0,0.0,0.0,0.0,0.0,0.0,0.0,0.0,0.0,0.0,0.0,0.0,0.0,0.012658227848101266,0.0,0.0,0.0,0.006329113924050633,0.0,0.0,0.0,0.0,0.0,0.006329113924050633,0.0,0.0,0.0,0.0,0.0,0.0,0.006329113924050633,0.006329113924050633,0.0,0.006329113924050633,0.006329113924050633,0.0,0.0,0.0,0.0,0.0,0.006329113924050633,0.0,0.0,0.0,0.006329113924050633,0.0189873417721519,0.0,0.0,0.0,0.0,0.0,0.0,0.0,0.0,0.0,0.0,0.0,0.006329113924050633,0.0,0.006329113924050633,0.0,0.0,0.0,0.0,0.0,0.0,0.006329113924050633,0.0,0.0189873417721519,0.006329113924050633,0.0,0.0,0.0,0.006329113924050633,0.0,0.0,0.0,0.0,0.0,0.0,0.0,0.0,0.006329113924050633,0.0,0.0,0.0,0.0,0.0,0.0,0.006329113924050633,0.006329113924050633,0.0,0.006329113924050633,0.0,0.0,0.0,0.0,0.0,0.0,0.006329113924050633,0.0,0.0,0.0,0.0,0.0,0.012658227848101266,0.006329113924050633,0.0,0.0,0.006329113924050633,0.0,0.0,0.0,0.0,0.0,0.0,0.006329113924050633,0.0,0.0,0.006329113924050633,0.0,0.0,0.0,0.0,0.006329113924050633,0.0,0.0,0.006329113924050633,0.006329113924050633,0.0,0.0,0.0,0.012658227848101266,0.0,0.0,0.0,0.0,0.006329113924050633,0.0,0.0,0.0,0.0,0.006329113924050633,0.0,0.0,0.0,0.0,0.0,0.0,0.0,0.0,0.0,0.0,0.0,0.0,0.0,0.0,0.0,0.006329113924050633,0.0,0.0,0.0,0.0,0.006329113924050633,0.012658227848101266,6,1,0.14701242913776935,0.0,0.5194444444444445,-0.5,7,0.21357023411037215,0.6214285714285713,6,5,2,1,1,0,4,4,0,3,1,2,0,12,14,1,0,0,0,0,28,16,4,5,3,2,12,4,3,4,1,0,13,11,159,9.9375,6.9504383854545475,750,46.875,32.06609385316521,2
m9984,5,16,0.0,0.0,0.0,0.005649717514124294,0.02259887005649717,0.005649717514124294,0.0,0.0,0.0,0.005649717514124294,0.02259887005649717,0.0,0.0,0.005649717514124294,0.0,0.01694915254237288,0.005649717514124294,0.0,0.0,0.0,0.0,0.0,0.0,0.0,0.0,0.0,0.0,0.0,0.0,0.02259887005649717,0.005649717514124294,0.0,0.0,0.0,0.0,0.0,0.0,0.0,0.0,0.005649717514124294,0.0,0.0,0.0,0.005649717514124294,0.0,0.0,0.0,0.0,0.005649717514124294,0.005649717514124294,0.0,0.05084745762711865,0.0,0.005649717514124294,0.005649717514124294,0.0,0.0,0.005649717514124294,0.0,0.0,0.011299435028248588,0.005649717514124294,0.0,0.02824858757062147,0.0,0.0,0.0,0.0,0.0,0.005649717514124294,0.0,0.0,0.0,0.0,0.0,0.0,0.0,0.0,0.0,0.0,0.0,0.0,0.0,0.0,0.0,0.0,0.0,0.05084745762711865,0.0,0.0,0.0,0.0,0.0,0.0,0.0,0.0,0.011299435028248588,0.0,0.0,0.005649717514124294,0.0,0.0,0.0,0.005649717514124294,0.0,0.0,0.0,0.005649717514124294,0.0,0.0,0.0,0.0,0.005649717514124294,0.0,0.0,0.011299435028248588,0.0,0.0,0.0,0.0,0.005649717514124294,0.0,0.011299435028248588,0.005649717514124294,0.0,0.0,0.005649717514124294,0.0,0.005649717514124294,0.0,0.0,0.005649717514124294,0.0,0.0,0.0,0.005649717514124294,0.0,0.005649717514124294,0.005649717514124294,0.0,0.0,0.0,0.01694915254237288,0.005649717514124294,0.0,0.0,0.0,0.0,0.0,0.005649717514124294,0.005649717514124294,0.0,0.0,0.0,0.0,0.0,0.0,0.0,0.0,0.0,0.0,0.005649717514124294,0.05084745762711865,0.0,0.0,0.0,0.0,0.0,0.0,0.0,0.0,0.0,0.0,0.0,0.0,0.0,0.0,0.0,0.011299435028248588,0.0,0.0,0.0,0.0,0.0,0.0,0.011299435028248588,0.0,0.0,0.005649717514124294,0.0,0.0,0.0,0.03954802259887006,0.0,0.01694915254237288,10,2,0.2653394715383484,0.0625,0.5097291666666666,-0.6875,12,0.2178303665403555,0.7051851851851851,5,15,1,0,0,0,5,3,0,2,5,0,0,1,8,0,0,0,0,0,23,25,10,18,10,5,15,5,0,3,2,0,22,1,185,11.5625,6.214587174543454,879,54.9375,30.187888196261763,2
e9237,3,6,0.0,0.0,0.0,0.0,0.0,0.0,0.0,0.0,0.0,0.0,0.0,0.0,0.0,0.0,0.0,0.0,0.0,0.0,0.0,0.0,0.0,0.0,0.0,0.0,0.0,0.0,0.0,0.0,0.0,0.0,0.0,0.0,0.0,0.0,0.0,0.0,0.0,0.0,0.0,0.0,0.0,0.0,0.0,0.0,0.0,0.0,0.0,0.0,0.0,0.0,0.0,0.0,0.0,0.0,0.0,0.0,0.0,0.0,0.0,0.0,0.0,0.0,0.0,0.0,0.0,0.0,0.0,0.0,0.0,0.0,0.0,0.0,0.0,0.0,0.0,0.0,0.0,0.0,0.0,0.0,0.0,0.0,0.0,0.0,0.0,0.0,0.0,0.0,0.0,0.0,0.0,0.0,0.0,0.0,0.0,0.0,0.0,0.0,0.0,0.0,0.0,0.0,0.0,0.0,0.0,0.0,0.0,0.0,0.0,0.0,0.0,0.0,0.0,0.045454545454545456,0.0,0.0,0.0,0.0,0.0,0.0,0.045454545454545456,0.0,0.0,0.0,0.0,0.0,0.045454545454545456,0.0,0.0,0.0,0.0,0.0,0.0,0.0,0.0,0.0,0.0,0.0,0.0,0.0,0.0,0.0,0.0,0.0,0.0,0.0,0.0,0.0,0.0,0.0,0.0,0.0,0.0,0.0,0.0,0.0,0.0,0.0,0.0,0.0,0.0,0.0,0.0,0.0,0.0,0.0,0.0,0.0,0.0,0.0,0.0,0.0,0.0,0.0,0.0,0.045454545454545456,0.0,0.0,0.0,0.0,0.0,0.0,0.0,0.0,0.0,0.0,0.0,0.0,0.0,0.0,0.0,0.0,0.0,0.0,0.0,0,0,0.0,0.0,0.0,0.0,0,0.0,0.0,6,0,0,0,0,0,1,1,0,0,0,0,0,0,0,0,0,0,0,1,11,0,0,1,0,0,0,0,0,1,0,0,0,0,22,3.6666666666666665,1.8856180831641267,136,22.66666666666667,14.395215254459455,2
m4088,11,291,0.002056404230317274,0.0011750881316098707,0.0002937720329024677,0.004406580493537014,0.002643948296122209,0.006462984723854289,0.004112808460634548,0.0005875440658049354,0.004700352526439483,0.002056404230317274,0.0008813160987074031,0.0,0.0014688601645123384,0.0,0.0005875440658049354,0.0035252643948296123,0.01145710928319624,0.0005875440658049354,0.0005875440658049354,0.0002937720329024677,0.0002937720329024677,0.0002937720329024677,0.0,0.0005875440658049354,0.0035252643948296123,0.0,0.0005875440658049354,0.0005875440658049354,0.002056404230317274,0.005287896592244419,0.002056404230317274,0.0,0.0011750881316098707,0.002350176263219741,0.0005875440658049354,0.0008813160987074031,0.0008813160987074031,0.002937720329024677,0.0008813160987074031,0.004406580493537014,0.002937720329024677,0.002937720329024677,0.004112808460634548,0.0017626321974148062,0.0002937720329024677,0.0,0.0011750881316098707,0.0011750881316098707,0.0032314923619271444,0.0014688601645123384,0.0011750881316098707,0.0091069330199765,0.0005875440658049354,0.004112808460634548,0.005287896592244419,0.0002937720329024677,0.0002937720329024677,0.0005875440658049354,0.0,0.0,0.016745005875440658,0.006756756756756757,0.0014688601645123384,0.005287896592244419,0.0017626321974148062,0.0,0.0002937720329024677,0.0014688601645123384,0.002350176263219741,0.0008813160987074031,0.004406580493537014,0.0002937720329024677,0.0002937720329024677,0.0,0.00499412455934195,0.0035252643948296123,0.002643948296122209,0.004700352526439483,0.0,0.0005875440658049354,0.0008813160987074031,0.0008813160987074031,0.00499412455934195,0.002056404230317274,0.002643948296122209,0.0002937720329024677,0.002350176263219741,0.005287896592244419,0.0032314923619271444,0.006169212690951821,0.0002937720329024677,0.0,0.0005875440658049354,0.0,0.0011750881316098707,0.0,0.004406580493537014,0.0002937720329024677,0.007344300822561692,0.00381903642773208,0.0002937720329024677,0.0002937720329024677,0.0017626321974148062,0.002350176263219741,0.0008813160987074031,0.002937720329024677,0.0,0.0,0.0014688601645123384,0.002350176263219741,0.0002937720329024677,0.0,0.002056404230317274,0.006169212690951821,0.0005875440658049354,0.0035252643948296123,0.0,0.0032314923619271444,0.0,0.004700352526439483,0.005287896592244419,0.0014688601645123384,0.005287896592244419,0.0,0.0008813160987074031,0.0,0.002937720329024677,0.0002937720329024677,0.002643948296122209,0.0017626321974148062,0.002350176263219741,0.0002937720329024677,0.0,0.008519388954171562,0.002350176263219741,0.0035252643948296123,0.0002937720329024677,0.002937720329024677,0.002350176263219741,0.004406580493537014,0.004700352526439483,0.0,0.0011750881316098707,0.0091069330199765,0.0035252643948296123,0.0,0.0,0.006169212690951821,0.0008813160987074031,0.0032314923619271444,0.0005875440658049354,0.0002937720329024677,0.002350176263219741,0.002643948296122209,0.004112808460634548,0.00381903642773208,0.0,0.0008813160987074031,0.00499412455934195,0.0002937720329024677,0.0005875440658049354,0.0005875440658049354,0.006462984723854289,0.0,0.0002937720329024677,0.0,0.0,0.0008813160987074031,0.004406580493537014,0.0002937720329024677,0.0014688601645123384,0.0,0.0,0.013513513513513514,0.0011750881316098707,0.004112808460634548,0.0002937720329024677,0.0,0.004700352526439483,0.002937720329024677,0.0011750881316098707,0.0017626321974148062,0.0011750881316098707,0.0011750881316098707,0.0008813160987074031,0.00499412455934195,0.0,0.002350176263219741,0.009694477085781434,0.002643948296122209,0.00499412455934195,0.0002937720329024677,0.008519388954171562,0.0008813160987074031,0.010575793184488836,150,42,0.2294195640132765,0.2426269043860819,0.4293079665704664,-0.3250699598021026,204,0.22450428207599327,0.5895809460147697,116,309,32,2,5,9,60,103,0,17,55,20,20,101,313,6,2,0,5,0,451,501,253,195,103,150,220,96,10,99,29,3,283,57,3628,12.467353951890034,8.690248091900084,17079,58.69072164948454,45.11551287019884,0
m8762,1,1,0.0,0.0,0.0,0.0,0.05882352941176471,0.0,0.0,0.0,0.0,0.0,0.05882352941176471,0.0,0.0,0.0,0.0,0.0,0.0,0.0,0.05882352941176471,0.0,0.0,0.0,0.0,0.0,0.0,0.0,0.0,0.0,0.0,0.0,0.0,0.0,0.0,0.0,0.0,0.0,0.0,0.0,0.0,0.0,0.0,0.0,0.0,0.0,0.0,0.0,0.0,0.0,0.05882352941176471,0.0,0.0,0.05882352941176471,0.0,0.0,0.0,0.0,0.0,0.0,0.0,0.0,0.0,0.0,0.0,0.05882352941176471,0.0,0.0,0.0,0.05882352941176471,0.0,0.0,0.0,0.0,0.05882352941176471,0.0,0.0,0.0,0.0,0.0,0.0,0.0,0.0,0.0,0.0,0.0,0.0,0.0,0.0,0.05882352941176471,0.0,0.0,0.0,0.0,0.0,0.0,0.0,0.0,0.0,0.0,0.0,0.0,0.0,0.0,0.0,0.0,0.0,0.0,0.0,0.0,0.0,0.0,0.0,0.0,0.0,0.0,0.0,0.0,0.0,0.0,0.0,0.0,0.0,0.0,0.0,0.0,0.0,0.0,0.0,0.0,0.0,0.0,0.0,0.0,0.0,0.0,0.0,0.0,0.0,0.0,0.0,0.0,0.0,0.0,0.0,0.0,0.0,0.0,0.0,0.0,0.0,0.0,0.0,0.0,0.05882352941176471,0.0,0.0,0.0,0.0,0.0,0.0,0.0,0.0,0.0,0.05882352941176471,0.0,0.0,0.0,0.0,0.0,0.0,0.0,0.0,0.0,0.0,0.0,0.0,0.0,0.0,0.0,0.0,0.0,0.0,0.0,0.0,0.0,0.0,0.0,0.0,0.0,0.0,0.0,0.0,0.0,0.05882352941176471,0.0,0.05882352941176471,1,0,0.0,0.0,0.6666666666666666,0.0,1,0.0,0.8296296296296296,4,0,0,0,0,0,1,1,0,0,1,0,0,0,1,0,0,0,0,0,2,2,1,1,1,0,1,0,0,1,0,0,0,0,17,17.0,0.0,84,84.0,0.0,0
m7101,4,25,0.0,0.006666666666666667,0.0,0.0,0.0,0.02,0.006666666666666667,0.0,0.0,0.03333333333333333,0.0,0.0,0.0,0.006666666666666667,0.0,0.02,0.006666666666666667,0.0,0.0,0.0,0.0,0.006666666666666667,0.0,0.0,0.02666666666666667,0.0,0.0,0.0,0.0,0.0,0.03333333333333333,0.0,0.0,0.0,0.0,0.0,0.0,0.0,0.0,0.006666666666666667,0.0,0.0,0.0,0.013333333333333334,0.0,0.0,0.0,0.0,0.0,0.0,0.0,0.04,0.0,0.0,0.03333333333333333,0.0,0.0,0.02666666666666667,0.0,0.0,0.013333333333333334,0.0,0.0,0.0,0.02,0.0,0.0,0.0,0.0,0.0,0.0,0.0,0.0,0.0,0.0,0.0,0.0,0.02666666666666667,0.0,0.02666666666666667,0.0,0.0,0.0,0.0,0.0,0.0,0.0,0.013333333333333334,0.02,0.0,0.0,0.0,0.0,0.006666666666666667,0.0,0.0,0.006666666666666667,0.0,0.02,0.0,0.0,0.02666666666666667,0.006666666666666667,0.0,0.0,0.0,0.0,0.0,0.0,0.0,0.0,0.0,0.0,0.0,0.0,0.0,0.0,0.013333333333333334,0.0,0.006666666666666667,0.0,0.0,0.0,0.0,0.0,0.0,0.0,0.006666666666666667,0.0,0.0,0.0,0.0,0.0,0.006666666666666667,0.0,0.0,0.0,0.0,0.03333333333333333,0.0,0.0,0.02666666666666667,0.03333333333333333,0.0,0.0,0.0,0.02666666666666667,0.02666666666666667,0.0,0.0,0.0,0.0,0.0,0.0,0.0,0.006666666666666667,0.0,0.0,0.0,0.0,0.0,0.006666666666666667,0.02,0.0,0.0,0.0,0.0,0.0,0.02666666666666667,0.0,0.0,0.0,0.0,0.006666666666666667,0.006666666666666667,0.006666666666666667,0.0,0.0,0.006666666666666667,0.0,0.0,0.0,0.0,0.0,0.0,0.0,0.0,0.0,0.006666666666666667,0.02666666666666667,0.0,0.0,0.03333333333333333,0.0,0.006666666666666667,5,6,0.2082776796412297,0.17662931995188869,0.4885714285714286,-0.2625,11,0.1722998786346291,0.5031385281385282,10,23,0,0,0,0,2,1,0,1,0,1,0,4,8,0,0,0,0,0,24,22,17,6,6,2,10,2,1,3,2,1,12,1,154,6.16,5.319248067161372,765,30.6,26.030751045638308,0
m7974,3,16,0.0,0.0,0.0,0.0,0.0,0.0,0.0,0.01098901098901099,0.0,0.01098901098901099,0.0,0.01098901098901099,0.0,0.0,0.0,0.0,0.0,0.01098901098901099,0.0,0.0,0.01098901098901099,0.0,0.0,0.0,0.0,0.0,0.0,0.0,0.01098901098901099,0.0,0.02197802197802198,0.0,0.01098901098901099,0.0,0.0,0.0,0.0,0.0,0.0,0.0,0.01098901098901099,0.0,0.0,0.0,0.01098901098901099,0.0,0.0,0.0,0.0,0.0,0.0,0.0,0.0,0.0,0.01098901098901099,0.0,0.0,0.0,0.0,0.0,0.02197802197802198,0.02197802197802198,0.0,0.0,0.0,0.0,0.0,0.0,0.0,0.01098901098901099,0.0,0.0,0.0,0.0,0.0,0.01098901098901099,0.0,0.0,0.0,0.0,0.0,0.0,0.0,0.01098901098901099,0.0,0.0,0.0,0.0,0.0,0.01098901098901099,0.0,0.0,0.0,0.0,0.0,0.0,0.0,0.0,0.0,0.0,0.0,0.0,0.0,0.0,0.0,0.0,0.0,0.0,0.0,0.0,0.01098901098901099,0.0,0.0,0.02197802197802198,0.0,0.0,0.0,0.0,0.01098901098901099,0.0,0.0,0.0,0.0,0.0,0.0,0.0,0.0,0.0,0.0,0.01098901098901099,0.0,0.0,0.0,0.01098901098901099,0.01098901098901099,0.0,0.0,0.0,0.0,0.0,0.0,0.0,0.0,0.0,0.01098901098901099,0.0,0.0,0.0,0.0,0.0,0.0,0.0,0.0,0.0,0.02197802197802198,0.0,0.0,0.0,0.0,0.0,0.0,0.0,0.0,0.0,0.0,0.0,0.0,0.0,0.01098901098901099,0.0,0.0,0.0,0.0,0.02197802197802198,0.0,0.0,0.0,0.0,0.01098901098901099,0.0,0.0,0.01098901098901099,0.0,0.0,0.01098901098901099,0.0,0.0,0.0,0.01098901098901099,0.0,0.0,0.0,0.01098901098901099,0.0,0.01098901098901099,2,1,0.008863636363636365,0.0,0.09113636363636364,-0.4,3,0.2352050079737701,0.6803030303030303,3,8,0,0,0,1,5,5,0,1,3,1,0,4,5,0,0,0,0,0,15,12,4,2,1,1,8,3,0,1,1,0,9,1,92,5.75,5.2855936279664935,473,29.5625,25.942168254600464,0
m8979,1,62,0.0,0.004651162790697674,0.0,0.0069767441860465115,0.0069767441860465115,0.004651162790697674,0.0069767441860465115,0.0,0.0069767441860465115,0.0,0.0,0.002325581395348837,0.004651162790697674,0.0,0.0,0.004651162790697674,0.0,0.0,0.0,0.002325581395348837,0.0,0.0,0.0,0.0,0.002325581395348837,0.0,0.0,0.002325581395348837,0.0,0.002325581395348837,0.0,0.0,0.002325581395348837,0.0,0.004651162790697674,0.004651162790697674,0.0,0.0,0.0,0.013953488372093023,0.002325581395348837,0.004651162790697674,0.002325581395348837,0.002325581395348837,0.0,0.0,0.0,0.0,0.002325581395348837,0.0,0.013953488372093023,0.004651162790697674,0.0,0.002325581395348837,0.009302325581395349,0.002325581395348837,0.0,0.0,0.0,0.0,0.011627906976744186,0.0,0.0,0.0,0.0,0.0,0.0,0.0,0.004651162790697674,0.0,0.002325581395348837,0.0,0.0,0.0,0.0,0.004651162790697674,0.002325581395348837,0.0,0.0,0.0,0.004651162790697674,0.002325581395348837,0.004651162790697674,0.0,0.004651162790697674,0.0,0.0,0.0069767441860465115,0.0069767441860465115,0.004651162790697674,0.0,0.0,0.0,0.0,0.002325581395348837,0.0,0.002325581395348837,0.0,0.011627906976744186,0.002325581395348837,0.002325581395348837,0.0,0.002325581395348837,0.002325581395348837,0.0,0.0,0.0,0.002325581395348837,0.0,0.002325581395348837,0.0,0.0,0.002325581395348837,0.0,0.0,0.009302325581395349,0.0,0.011627906976744186,0.0,0.004651162790697674,0.002325581395348837,0.002325581395348837,0.004651162790697674,0.0,0.0,0.0,0.0,0.0,0.002325581395348837,0.002325581395348837,0.0,0.0,0.002325581395348837,0.0069767441860465115,0.0,0.002325581395348837,0.0,0.0,0.0,0.002325581395348837,0.0,0.0,0.0,0.0,0.002325581395348837,0.0,0.0,0.002325581395348837,0.0,0.002325581395348837,0.0,0.0,0.0,0.0,0.004651162790697674,0.004651162790697674,0.0,0.002325581395348837,0.0,0.0,0.004651162790697674,0.002325581395348837,0.009302325581395349,0.0,0.0,0.0,0.0,0.0,0.002325581395348837,0.0,0.0,0.0,0.0,0.002325581395348837,0.0,0.011627906976744186,0.0,0.0,0.002325581395348837,0.002325581395348837,0.0,0.002325581395348837,0.004651162790697674,0.002325581395348837,0.0,0.004651162790697674,0.0,0.0,0.013953488372093023,0.002325581395348837,0.0,0.002325581395348837,0.004651162790697674,0.002325581395348837,0.004651162790697674,16,2,0.2374561705199549,0.25,0.40971320346320345,-0.35,21,0.2212516985421917,0.5048752834467121,13,37,7,0,2,1,7,12,0,2,5,8,2,9,34,1,0,0,0,0,79,50,31,22,14,13,26,18,2,14,6,0,30,4,452,7.290322580645161,4.625968413955015,2153,34.725806451612904,23.24148776179989,1
m5223,8,35,0.0,0.0,0.004514672686230248,0.002257336343115124,0.013544018058690743,0.009029345372460496,0.004514672686230248,0.013544018058690743,0.002257336343115124,0.0067720090293453715,0.011286681715575621,0.0,0.0,0.0,0.0,0.0067720090293453715,0.01580135440180587,0.0,0.002257336343115124,0.0,0.0,0.013544018058690743,0.0,0.0,0.004514672686230248,0.0,0.002257336343115124,0.0,0.0,0.011286681715575621,0.009029345372460496,0.0,0.0,0.002257336343115124,0.004514672686230248,0.002257336343115124,0.0,0.0,0.0,0.011286681715575621,0.0,0.0,0.0,0.009029345372460496,0.0,0.0,0.002257336343115124,0.0,0.002257336343115124,0.0,0.002257336343115124,0.038374717832957116,0.0,0.004514672686230248,0.009029345372460496,0.0,0.0,0.004514672686230248,0.0,0.0,0.0,0.002257336343115124,0.0,0.013544018058690743,0.0,0.0,0.0,0.002257336343115124,0.0,0.0,0.0,0.0,0.0,0.0,0.0,0.002257336343115124,0.0,0.0,0.0,0.004514672686230248,0.0,0.002257336343115124,0.009029345372460496,0.0,0.002257336343115124,0.0,0.0,0.02934537246049661,0.0,0.002257336343115124,0.0,0.0,0.0,0.0,0.0,0.0,0.011286681715575621,0.0,0.0067720090293453715,0.004514672686230248,0.0,0.004514672686230248,0.0,0.004514672686230248,0.0,0.0,0.0,0.0,0.0,0.0,0.0,0.0,0.0,0.002257336343115124,0.0,0.002257336343115124,0.0,0.002257336343115124,0.0,0.004514672686230248,0.0067720090293453715,0.004514672686230248,0.004514672686230248,0.0,0.0,0.0,0.004514672686230248,0.0,0.0,0.009029345372460496,0.0,0.0,0.0,0.002257336343115124,0.0,0.002257336343115124,0.0,0.0,0.004514672686230248,0.004514672686230248,0.002257336343115124,0.004514672686230248,0.01580135440180587,0.0067720090293453715,0.0,0.0,0.004514672686230248,0.0067720090293453715,0.0,0.002257336343115124,0.0,0.0,0.0,0.0,0.002257336343115124,0.002257336343115124,0.0,0.004514672686230248,0.0067720090293453715,0.002257336343115124,0.0,0.0,0.02934537246049661,0.0,0.0,0.0,0.0,0.0,0.013544018058690743,0.0,0.0,0.0,0.002257336343115124,0.01580135440180587,0.0,0.0,0.0,0.0,0.013544018058690743,0.002257336343115124,0.004514672686230248,0.002257336343115124,0.004514672686230248,0.0,0.002257336343115124,0.0067720090293453715,0.0,0.002257336343115124,0.009029345372460496,0.004514672686230248,0.0,0.0,0.04288939051918736,0.002257336343115124,0.004514672686230248,13,6,0.2131386403473663,0.257368772337374,0.5313644688644689,-0.43090828924162256,22,0.23292814200384754,0.6162037037037037,34,46,7,0,0,0,7,9,0,1,9,0,2,13,23,1,0,0,2,0,75,53,15,25,13,8,34,9,0,15,6,0,38,11,463,13.228571428571426,13.354690378366726,2370,67.71428571428571,64.22530494998344,0
m6208,2,13,0.0,0.0,0.0,0.007407407407407408,0.0,0.014814814814814815,0.007407407407407408,0.0,0.0,0.0,0.0,0.0,0.0,0.0,0.0,0.022222222222222227,0.0,0.0,0.0,0.0,0.0,0.0,0.0,0.0,0.0,0.0,0.0,0.0,0.0,0.0,0.0,0.0,0.0,0.0,0.0,0.0,0.0,0.014814814814814815,0.0,0.007407407407407408,0.007407407407407408,0.0,0.0,0.0,0.0,0.0,0.0,0.0,0.007407407407407408,0.0,0.0,0.007407407407407408,0.0,0.0,0.007407407407407408,0.0,0.0,0.0,0.0,0.0,0.007407407407407408,0.007407407407407408,0.007407407407407408,0.0,0.022222222222222227,0.0,0.0,0.0,0.007407407407407408,0.0,0.0,0.0,0.0,0.0,0.0,0.0,0.0,0.022222222222222227,0.0,0.0,0.0,0.014814814814814815,0.0,0.0,0.0,0.0,0.0,0.0,0.007407407407407408,0.0,0.0,0.0,0.0,0.0,0.014814814814814815,0.0,0.0,0.0,0.007407407407407408,0.0,0.0,0.0,0.007407407407407408,0.0,0.0,0.0,0.0,0.0,0.0,0.0,0.0,0.0,0.0,0.0,0.0,0.0,0.0,0.0,0.0,0.007407407407407408,0.007407407407407408,0.0,0.0,0.0,0.0,0.0,0.007407407407407408,0.014814814814814815,0.0,0.0,0.014814814814814815,0.0,0.0,0.0,0.0,0.007407407407407408,0.0,0.007407407407407408,0.0,0.0,0.0,0.0,0.0,0.0,0.0,0.0,0.0,0.0,0.0,0.007407407407407408,0.0,0.0,0.0,0.0,0.007407407407407408,0.007407407407407408,0.0,0.0,0.0,0.0,0.0,0.007407407407407408,0.0,0.0,0.007407407407407408,0.0,0.0,0.0,0.0,0.0,0.0,0.0,0.0,0.007407407407407408,0.022222222222222227,0.007407407407407408,0.0,0.0,0.007407407407407408,0.0,0.0,0.0,0.014814814814814815,0.0,0.0,0.014814814814814815,0.0,0.014814814814814815,0.007407407407407408,0.0,0.0,0.0,0.0,0.0,0.0,5,1,0.1416078309196839,0.0,0.3108333333333333,-0.16666666666666666,7,0.1572127369878211,0.4720238095238095,11,8,2,0,0,2,3,6,0,3,1,2,1,6,8,0,0,0,0,0,20,12,6,2,1,4,11,5,0,7,1,0,7,7,136,10.461538461538463,10.44115661597363,719,55.30769230769231,48.18295998728279,1
